recorded_time,temperature,sensor_type
2023-12-05T00:00,2.4478249302566226,UNKNOWN
2023-12-05T00:01,2.4478249302566226,UNKNOWN
2023-12-05T00:02,2.547824930256624,UNKNOWN
2023-12-05T00:03,2.547824930256624,UNKNOWN
2023-12-05T00:04,2.547824930256624,UNKNOWN
2023-12-05T00:05,2.6478249302566184,UNKNOWN
2023-12-05T00:06,2.6478249302566184,UNKNOWN
2023-12-05T00:07,2.6478249302566184,UNKNOWN
2023-12-05T00:08,2.4478249302566226,UNKNOWN
2023-12-05T00:09,2.24782493025662,UNKNOWN
2023-12-05T00:10,2.047824930256624,UNKNOWN
2023-12-05T00:11,1.9478249302566226,UNKNOWN
2023-12-05T00:12,1.8478249302566212,UNKNOWN
2023-12-05T00:13,1.7478249302566198,UNKNOWN
2023-12-05T00:14,1.6478249302566184,UNKNOWN
2023-12-05T00:15,1.6478249302566184,UNKNOWN
2023-12-05T00:16,1.6478249302566184,UNKNOWN
2023-12-05T00:17,1.6478249302566184,UNKNOWN
2023-12-05T00:18,1.6478249302566184,UNKNOWN
2023-12-05T00:19,1.6478249302566184,UNKNOWN
2023-12-05T00:20,1.6478249302566184,UNKNOWN
2023-12-05T00:21,1.6478249302566184,UNKNOWN
2023-12-05T00:22,1.547824930256624,UNKNOWN
2023-12-05T00:23,1.1478249302566184,UNKNOWN
2023-12-05T00:24,0.4478249302566226,UNKNOWN
2023-12-05T00:25,0.14782493025661836,UNKNOWN
2023-12-05T00:26,0.04782493025662404,UNKNOWN
2023-12-05T00:27,0.14782493025661836,UNKNOWN
2023-12-05T00:28,0.24782493025661978,UNKNOWN
2023-12-05T00:29,0.4478249302566226,UNKNOWN
2023-12-05T00:30,0.547824930256624,UNKNOWN
2023-12-05T00:31,0.6478249302566184,UNKNOWN
2023-12-05T00:32,0.8478249302566212,UNKNOWN
2023-12-05T00:33,0.9478249302566226,UNKNOWN
2023-12-05T00:34,1.047824930256624,UNKNOWN
2023-12-05T00:35,1.1478249302566184,UNKNOWN
2023-12-05T00:36,1.2478249302566198,UNKNOWN
2023-12-05T00:37,1.4478249302566226,UNKNOWN
2023-12-05T00:38,1.4478249302566226,UNKNOWN
2023-12-05T00:39,1.3478249302566212,UNKNOWN
2023-12-05T00:40,1.4478249302566226,UNKNOWN
2023-12-05T00:41,1.4478249302566226,UNKNOWN
2023-12-05T00:42,1.547824930256624,UNKNOWN
2023-12-05T00:43,1.6478249302566184,UNKNOWN
2023-12-05T00:44,1.7478249302566198,UNKNOWN
2023-12-05T00:45,1.8478249302566212,UNKNOWN
2023-12-05T00:46,1.9478249302566226,UNKNOWN
2023-12-05T00:47,1.9478249302566226,UNKNOWN
2023-12-05T00:48,2.047824930256624,UNKNOWN
2023-12-05T00:49,2.047824930256624,UNKNOWN
2023-12-05T00:50,2.1478249302566184,UNKNOWN
2023-12-05T00:51,2.1478249302566184,UNKNOWN
2023-12-05T00:52,2.24782493025662,UNKNOWN
2023-12-05T00:53,2.24782493025662,UNKNOWN
2023-12-05T00:54,2.24782493025662,UNKNOWN
2023-12-05T00:55,2.347824930256621,UNKNOWN
2023-12-05T00:56,2.347824930256621,UNKNOWN
2023-12-05T00:57,2.347824930256621,UNKNOWN
2023-12-05T00:58,2.4478249302566226,UNKNOWN
2023-12-05T00:59,2.4478249302566226,UNKNOWN
2023-12-05T01:00,2.4478249302566226,UNKNOWN
2023-12-05T01:01,2.4478249302566226,UNKNOWN
2023-12-05T01:02,2.4478249302566226,UNKNOWN
2023-12-05T01:03,2.547824930256624,UNKNOWN
2023-12-05T01:04,2.547824930256624,UNKNOWN
2023-12-05T01:05,2.6478249302566184,UNKNOWN
2023-12-05T01:06,2.6478249302566184,UNKNOWN
2023-12-05T01:07,2.6478249302566184,UNKNOWN
2023-12-05T01:08,2.6478249302566184,UNKNOWN
2023-12-05T01:09,2.74782493025662,UNKNOWN
2023-12-05T01:10,2.74782493025662,UNKNOWN
2023-12-05T01:11,2.74782493025662,UNKNOWN
2023-12-05T01:12,2.74782493025662,UNKNOWN
2023-12-05T01:13,2.74782493025662,UNKNOWN
2023-12-05T01:14,2.74782493025662,UNKNOWN
2023-12-05T01:15,2.74782493025662,UNKNOWN
2023-12-05T01:16,2.24782493025662,UNKNOWN
2023-12-05T01:17,1.4478249302566226,UNKNOWN
2023-12-05T01:18,0.7478249302566198,UNKNOWN
2023-12-05T01:19,0.04782493025662404,UNKNOWN
2023-12-05T01:20,-0.5521750697433774,UNKNOWN
2023-12-05T01:21,-1.0521750697433774,UNKNOWN
2023-12-05T01:22,-1.352175069743378,UNKNOWN
2023-12-05T01:23,-1.5521750697433774,UNKNOWN
2023-12-05T01:24,-1.6521750697433788,UNKNOWN
2023-12-05T01:25,-1.6521750697433788,UNKNOWN
2023-12-05T01:26,-1.5521750697433774,UNKNOWN
2023-12-05T01:27,-1.5521750697433774,UNKNOWN
2023-12-05T01:28,-1.6521750697433788,UNKNOWN
2023-12-05T01:29,-1.7521750697433802,UNKNOWN
2023-12-05T01:30,-1.852175069743378,UNKNOWN
2023-12-05T01:31,-1.9521750697433795,UNKNOWN
2023-12-05T01:32,-1.0521750697433774,UNKNOWN
2023-12-05T01:33,-0.1521750697433788,UNKNOWN
2023-12-05T01:34,0.4478249302566226,UNKNOWN
2023-12-05T01:35,0.7478249302566198,UNKNOWN
2023-12-05T01:36,0.9478249302566226,UNKNOWN
2023-12-05T01:37,1.1478249302566184,UNKNOWN
2023-12-05T01:38,1.3478249302566212,UNKNOWN
2023-12-05T01:39,1.4478249302566226,UNKNOWN
2023-12-05T01:40,1.3478249302566212,UNKNOWN
2023-12-05T01:41,1.1478249302566184,UNKNOWN
2023-12-05T01:42,1.1478249302566184,UNKNOWN
2023-12-05T01:43,1.047824930256624,UNKNOWN
2023-12-05T01:44,1.047824930256624,UNKNOWN
2023-12-05T01:45,0.9478249302566226,UNKNOWN
2023-12-05T01:46,0.9478249302566226,UNKNOWN
2023-12-05T01:47,0.9478249302566226,UNKNOWN
2023-12-05T01:48,0.9478249302566226,UNKNOWN
2023-12-05T01:49,0.9478249302566226,UNKNOWN
2023-12-05T01:50,0.9478249302566226,UNKNOWN
2023-12-05T01:51,0.9478249302566226,UNKNOWN
2023-12-05T01:52,1.047824930256624,UNKNOWN
2023-12-05T01:53,1.047824930256624,UNKNOWN
2023-12-05T01:54,1.047824930256624,UNKNOWN
2023-12-05T01:55,1.047824930256624,UNKNOWN
2023-12-05T01:56,1.047824930256624,UNKNOWN
2023-12-05T01:57,1.1478249302566184,UNKNOWN
2023-12-05T01:58,1.1478249302566184,UNKNOWN
2023-12-05T01:59,1.1478249302566184,UNKNOWN
2023-12-05T02:00,1.1478249302566184,UNKNOWN
2023-12-05T02:01,1.4478249302566226,UNKNOWN
2023-12-05T02:02,1.547824930256624,UNKNOWN
2023-12-05T02:03,1.6478249302566184,UNKNOWN
2023-12-05T02:04,1.7478249302566198,UNKNOWN
2023-12-05T02:05,1.6478249302566184,UNKNOWN
2023-12-05T02:06,1.6478249302566184,UNKNOWN
2023-12-05T02:07,1.547824930256624,UNKNOWN
2023-12-05T02:08,1.547824930256624,UNKNOWN
2023-12-05T02:09,1.4478249302566226,UNKNOWN
2023-12-05T02:10,1.4478249302566226,UNKNOWN
2023-12-05T02:11,1.4478249302566226,UNKNOWN
2023-12-05T02:12,1.3478249302566212,UNKNOWN
2023-12-05T02:13,1.2478249302566198,UNKNOWN
2023-12-05T02:14,1.2478249302566198,UNKNOWN
2023-12-05T02:15,1.1478249302566184,UNKNOWN
2023-12-05T02:16,1.1478249302566184,UNKNOWN
2023-12-05T02:17,1.1478249302566184,UNKNOWN
2023-12-05T02:18,1.047824930256624,UNKNOWN
2023-12-05T02:19,1.047824930256624,UNKNOWN
2023-12-05T02:20,1.047824930256624,UNKNOWN
2023-12-05T02:21,1.047824930256624,UNKNOWN
2023-12-05T02:22,1.047824930256624,UNKNOWN
2023-12-05T02:23,1.047824930256624,UNKNOWN
2023-12-05T02:24,1.1478249302566184,UNKNOWN
2023-12-05T02:25,1.1478249302566184,UNKNOWN
2023-12-05T02:26,1.1478249302566184,UNKNOWN
2023-12-05T02:27,1.1478249302566184,UNKNOWN
2023-12-05T02:28,1.1478249302566184,UNKNOWN
2023-12-05T02:29,1.1478249302566184,UNKNOWN
2023-12-05T02:30,1.1478249302566184,UNKNOWN
2023-12-05T02:31,1.2478249302566198,UNKNOWN
2023-12-05T02:32,1.2478249302566198,UNKNOWN
2023-12-05T02:33,1.2478249302566198,UNKNOWN
2023-12-05T02:34,1.2478249302566198,UNKNOWN
2023-12-05T02:35,1.3478249302566212,UNKNOWN
2023-12-05T02:36,1.3478249302566212,UNKNOWN
2023-12-05T02:37,1.3478249302566212,UNKNOWN
2023-12-05T02:38,1.4478249302566226,UNKNOWN
2023-12-05T02:39,1.4478249302566226,UNKNOWN
2023-12-05T02:40,1.4478249302566226,UNKNOWN
2023-12-05T02:41,1.4478249302566226,UNKNOWN
2023-12-05T02:42,1.4478249302566226,UNKNOWN
2023-12-05T02:43,1.4478249302566226,UNKNOWN
2023-12-05T02:44,1.4478249302566226,UNKNOWN
2023-12-05T02:45,1.547824930256624,UNKNOWN
2023-12-05T02:46,1.547824930256624,UNKNOWN
2023-12-05T02:47,1.6478249302566184,UNKNOWN
2023-12-05T02:48,1.6478249302566184,UNKNOWN
2023-12-05T02:49,1.6478249302566184,UNKNOWN
2023-12-05T02:50,1.6478249302566184,UNKNOWN
2023-12-05T02:51,1.6478249302566184,UNKNOWN
2023-12-05T02:52,1.6478249302566184,UNKNOWN
2023-12-05T02:53,1.6478249302566184,UNKNOWN
2023-12-05T02:54,1.7478249302566198,UNKNOWN
2023-12-05T02:55,1.7478249302566198,UNKNOWN
2023-12-05T02:56,1.7478249302566198,UNKNOWN
2023-12-05T02:57,1.8478249302566212,UNKNOWN
2023-12-05T02:58,1.8478249302566212,UNKNOWN
2023-12-05T02:59,1.8478249302566212,UNKNOWN
2023-12-05T03:00,1.8478249302566212,UNKNOWN
2023-12-05T03:01,1.8478249302566212,UNKNOWN
2023-12-05T03:02,1.8478249302566212,UNKNOWN
2023-12-05T03:03,1.8478249302566212,UNKNOWN
2023-12-05T03:04,1.9478249302566226,UNKNOWN
2023-12-05T03:05,2.1478249302566184,UNKNOWN
2023-12-05T03:06,2.1478249302566184,UNKNOWN
2023-12-05T03:07,2.24782493025662,UNKNOWN
2023-12-05T03:08,2.24782493025662,UNKNOWN
2023-12-05T03:09,2.347824930256621,UNKNOWN
2023-12-05T03:10,2.347824930256621,UNKNOWN
2023-12-05T03:11,2.1478249302566184,UNKNOWN
2023-12-05T03:12,1.9478249302566226,UNKNOWN
2023-12-05T03:13,1.8478249302566212,UNKNOWN
2023-12-05T03:14,1.8478249302566212,UNKNOWN
2023-12-05T03:15,1.9478249302566226,UNKNOWN
2023-12-05T03:16,1.9478249302566226,UNKNOWN
2023-12-05T03:17,1.9478249302566226,UNKNOWN
2023-12-05T03:18,2.047824930256624,UNKNOWN
2023-12-05T03:19,2.1478249302566184,UNKNOWN
2023-12-05T03:20,2.1478249302566184,UNKNOWN
2023-12-05T03:21,2.1478249302566184,UNKNOWN
2023-12-05T03:22,2.24782493025662,UNKNOWN
2023-12-05T03:23,2.24782493025662,UNKNOWN
2023-12-05T03:24,2.24782493025662,UNKNOWN
2023-12-05T03:25,2.347824930256621,UNKNOWN
2023-12-05T03:26,2.347824930256621,UNKNOWN
2023-12-05T03:27,2.4478249302566226,UNKNOWN
2023-12-05T03:28,2.4478249302566226,UNKNOWN
2023-12-05T03:29,2.4478249302566226,UNKNOWN
2023-12-05T03:30,2.4478249302566226,UNKNOWN
2023-12-05T03:31,2.4478249302566226,UNKNOWN
2023-12-05T03:32,2.4478249302566226,UNKNOWN
2023-12-05T03:33,2.547824930256624,UNKNOWN
2023-12-05T03:34,2.547824930256624,UNKNOWN
2023-12-05T03:35,2.547824930256624,UNKNOWN
2023-12-05T03:36,2.547824930256624,UNKNOWN
2023-12-05T03:37,2.6478249302566184,UNKNOWN
2023-12-05T03:38,2.6478249302566184,UNKNOWN
2023-12-05T03:39,2.6478249302566184,UNKNOWN
2023-12-05T03:40,2.6478249302566184,UNKNOWN
2023-12-05T03:41,2.547824930256624,UNKNOWN
2023-12-05T03:42,2.4478249302566226,UNKNOWN
2023-12-05T03:43,2.24782493025662,UNKNOWN
2023-12-05T03:44,2.24782493025662,UNKNOWN
2023-12-05T03:45,2.24782493025662,UNKNOWN
2023-12-05T03:46,2.1478249302566184,UNKNOWN
2023-12-05T03:47,2.1478249302566184,UNKNOWN
2023-12-05T03:48,2.24782493025662,UNKNOWN
2023-12-05T03:49,2.24782493025662,UNKNOWN
2023-12-05T03:50,2.24782493025662,UNKNOWN
2023-12-05T03:51,2.24782493025662,UNKNOWN
2023-12-05T03:52,2.047824930256624,UNKNOWN
2023-12-05T03:53,1.9478249302566226,UNKNOWN
2023-12-05T03:54,1.8478249302566212,UNKNOWN
2023-12-05T03:55,1.1478249302566184,UNKNOWN
2023-12-05T03:56,0.547824930256624,UNKNOWN
2023-12-05T03:57,-0.05217506974337738,UNKNOWN
2023-12-05T03:58,-0.45217506974337596,UNKNOWN
2023-12-05T03:59,-0.8521750697433816,UNKNOWN
2023-12-05T04:00,-1.1521750697433788,UNKNOWN
2023-12-05T04:01,-1.352175069743378,UNKNOWN
2023-12-05T04:02,-1.5521750697433774,UNKNOWN
2023-12-05T04:03,-1.6521750697433788,UNKNOWN
2023-12-05T04:04,-1.6521750697433788,UNKNOWN
2023-12-05T04:05,-1.6521750697433788,UNKNOWN
2023-12-05T04:06,-1.7521750697433802,UNKNOWN
2023-12-05T04:07,-1.852175069743378,UNKNOWN
2023-12-05T04:08,-1.9521750697433795,UNKNOWN
2023-12-05T04:09,-2.0521750697433774,UNKNOWN
2023-12-05T04:10,-2.152175069743379,UNKNOWN
2023-12-05T04:11,-1.9521750697433795,UNKNOWN
2023-12-05T04:12,-1.7521750697433802,UNKNOWN
2023-12-05T04:13,-1.4521750697433795,UNKNOWN
2023-12-05T04:14,-1.2521750697433802,UNKNOWN
2023-12-05T04:15,-1.0521750697433774,UNKNOWN
2023-12-05T04:16,-0.8521750697433816,UNKNOWN
2023-12-05T04:17,-0.6521750697433788,UNKNOWN
2023-12-05T04:18,-0.5521750697433774,UNKNOWN
2023-12-05T04:19,-0.35217506974338164,UNKNOWN
2023-12-05T04:20,-0.2521750697433802,UNKNOWN
2023-12-05T04:21,-0.1521750697433788,UNKNOWN
2023-12-05T04:22,-0.1521750697433788,UNKNOWN
2023-12-05T04:23,-0.05217506974337738,UNKNOWN
2023-12-05T04:24,0.04782493025662404,UNKNOWN
2023-12-05T04:25,0.04782493025662404,UNKNOWN
2023-12-05T04:26,0.04782493025662404,UNKNOWN
2023-12-05T04:27,0.04782493025662404,UNKNOWN
2023-12-05T04:28,-0.05217506974337738,UNKNOWN
2023-12-05T04:29,-0.05217506974337738,UNKNOWN
2023-12-05T04:30,0.04782493025662404,UNKNOWN
2023-12-05T04:31,0.04782493025662404,UNKNOWN
2023-12-05T04:32,0.04782493025662404,UNKNOWN
2023-12-05T04:33,0.14782493025661836,UNKNOWN
2023-12-05T04:34,0.14782493025661836,UNKNOWN
2023-12-05T04:35,0.14782493025661836,UNKNOWN
2023-12-05T04:36,0.14782493025661836,UNKNOWN
2023-12-05T04:37,0.14782493025661836,UNKNOWN
2023-12-05T04:38,0.14782493025661836,UNKNOWN
2023-12-05T04:39,0.14782493025661836,UNKNOWN
2023-12-05T04:40,0.3478249302566212,UNKNOWN
2023-12-05T04:41,0.547824930256624,UNKNOWN
2023-12-05T04:42,0.6478249302566184,UNKNOWN
2023-12-05T04:43,0.8478249302566212,UNKNOWN
2023-12-05T04:44,0.9478249302566226,UNKNOWN
2023-12-05T04:45,1.047824930256624,UNKNOWN
2023-12-05T04:46,1.1478249302566184,UNKNOWN
2023-12-05T04:47,1.1478249302566184,UNKNOWN
2023-12-05T04:48,1.2478249302566198,UNKNOWN
2023-12-05T04:49,1.3478249302566212,UNKNOWN
2023-12-05T04:50,1.3478249302566212,UNKNOWN
2023-12-05T04:51,1.4478249302566226,UNKNOWN
2023-12-05T04:52,1.4478249302566226,UNKNOWN
2023-12-05T04:53,1.4478249302566226,UNKNOWN
2023-12-05T04:54,1.4478249302566226,UNKNOWN
2023-12-05T04:55,1.4478249302566226,UNKNOWN
2023-12-05T04:56,1.4478249302566226,UNKNOWN
2023-12-05T04:57,1.4478249302566226,UNKNOWN
2023-12-05T04:58,1.547824930256624,UNKNOWN
2023-12-05T04:59,1.547824930256624,UNKNOWN
2023-12-05T05:00,1.6478249302566184,UNKNOWN
2023-12-05T05:01,1.6478249302566184,UNKNOWN
2023-12-05T05:02,1.6478249302566184,UNKNOWN
2023-12-05T05:03,1.6478249302566184,UNKNOWN
2023-12-05T05:04,1.547824930256624,UNKNOWN
2023-12-05T05:05,1.4478249302566226,UNKNOWN
2023-12-05T05:06,1.4478249302566226,UNKNOWN
2023-12-05T05:07,1.3478249302566212,UNKNOWN
2023-12-05T05:08,1.3478249302566212,UNKNOWN
2023-12-05T05:09,1.4478249302566226,UNKNOWN
2023-12-05T05:10,1.547824930256624,UNKNOWN
2023-12-05T05:11,1.547824930256624,UNKNOWN
2023-12-05T05:12,1.6478249302566184,UNKNOWN
2023-12-05T05:13,1.6478249302566184,UNKNOWN
2023-12-05T05:14,1.7478249302566198,UNKNOWN
2023-12-05T05:15,1.8478249302566212,UNKNOWN
2023-12-05T05:16,1.9478249302566226,UNKNOWN
2023-12-05T05:17,1.9478249302566226,UNKNOWN
2023-12-05T05:18,1.9478249302566226,UNKNOWN
2023-12-05T05:19,1.8478249302566212,UNKNOWN
2023-12-05T05:20,1.8478249302566212,UNKNOWN
2023-12-05T05:21,1.8478249302566212,UNKNOWN
2023-12-05T05:22,1.8478249302566212,UNKNOWN
2023-12-05T05:23,1.7478249302566198,UNKNOWN
2023-12-05T05:24,1.7478249302566198,UNKNOWN
2023-12-05T05:25,1.6478249302566184,UNKNOWN
2023-12-05T05:26,1.6478249302566184,UNKNOWN
2023-12-05T05:27,1.4478249302566226,UNKNOWN
2023-12-05T05:28,1.3478249302566212,UNKNOWN
2023-12-05T05:29,1.2478249302566198,UNKNOWN
2023-12-05T05:30,1.2478249302566198,UNKNOWN
2023-12-05T05:31,1.1478249302566184,UNKNOWN
2023-12-05T05:32,1.4478249302566226,UNKNOWN
2023-12-05T05:33,1.547824930256624,UNKNOWN
2023-12-05T05:34,1.6478249302566184,UNKNOWN
2023-12-05T05:35,1.7478249302566198,UNKNOWN
2023-12-05T05:36,1.8478249302566212,UNKNOWN
2023-12-05T05:37,1.8478249302566212,UNKNOWN
2023-12-05T05:38,1.9478249302566226,UNKNOWN
2023-12-05T05:39,1.9478249302566226,UNKNOWN
2023-12-05T05:40,1.9478249302566226,UNKNOWN
2023-12-05T05:41,1.9478249302566226,UNKNOWN
2023-12-05T05:42,1.7478249302566198,UNKNOWN
2023-12-05T05:43,1.6478249302566184,UNKNOWN
2023-12-05T05:44,1.6478249302566184,UNKNOWN
2023-12-05T05:45,1.547824930256624,UNKNOWN
2023-12-05T05:46,1.547824930256624,UNKNOWN
2023-12-05T05:47,1.547824930256624,UNKNOWN
2023-12-05T05:48,1.4478249302566226,UNKNOWN
2023-12-05T05:49,1.4478249302566226,UNKNOWN
2023-12-05T05:50,1.4478249302566226,UNKNOWN
2023-12-05T05:51,1.4478249302566226,UNKNOWN
2023-12-05T05:52,1.4478249302566226,UNKNOWN
2023-12-05T05:53,1.4478249302566226,UNKNOWN
2023-12-05T05:54,1.6478249302566184,UNKNOWN
2023-12-05T05:55,1.8478249302566212,UNKNOWN
2023-12-05T05:56,1.9478249302566226,UNKNOWN
2023-12-05T05:57,2.047824930256624,UNKNOWN
2023-12-05T05:58,1.9478249302566226,UNKNOWN
2023-12-05T05:59,1.9478249302566226,UNKNOWN
2023-12-05T06:00,1.9478249302566226,UNKNOWN
2023-12-05T06:01,1.8478249302566212,UNKNOWN
2023-12-05T06:02,1.8478249302566212,UNKNOWN
2023-12-05T06:03,1.7478249302566198,UNKNOWN
2023-12-05T06:04,1.7478249302566198,UNKNOWN
2023-12-05T06:05,1.6478249302566184,UNKNOWN
2023-12-05T06:06,1.6478249302566184,UNKNOWN
2023-12-05T06:07,1.6478249302566184,UNKNOWN
2023-12-05T06:08,1.6478249302566184,UNKNOWN
2023-12-05T06:09,1.6478249302566184,UNKNOWN
2023-12-05T06:10,1.547824930256624,UNKNOWN
2023-12-05T06:11,1.547824930256624,UNKNOWN
2023-12-05T06:12,1.547824930256624,UNKNOWN
2023-12-05T06:13,1.547824930256624,UNKNOWN
2023-12-05T06:14,1.3478249302566212,UNKNOWN
2023-12-05T06:15,1.1478249302566184,UNKNOWN
2023-12-05T06:16,0.9478249302566226,UNKNOWN
2023-12-05T06:17,0.7478249302566198,UNKNOWN
2023-12-05T06:18,0.6478249302566184,UNKNOWN
2023-12-05T06:19,0.6478249302566184,UNKNOWN
2023-12-05T06:20,0.7478249302566198,UNKNOWN
2023-12-05T06:21,1.1478249302566184,UNKNOWN
2023-12-05T06:22,1.547824930256624,UNKNOWN
2023-12-05T06:23,1.7478249302566198,UNKNOWN
2023-12-05T06:24,1.8478249302566212,UNKNOWN
2023-12-05T06:25,1.9478249302566226,UNKNOWN
2023-12-05T06:26,2.047824930256624,UNKNOWN
2023-12-05T06:27,2.1478249302566184,UNKNOWN
2023-12-05T06:28,2.24782493025662,UNKNOWN
2023-12-05T06:29,2.24782493025662,UNKNOWN
2023-12-05T06:30,2.24782493025662,UNKNOWN
2023-12-05T06:31,2.24782493025662,UNKNOWN
2023-12-05T06:32,2.347824930256621,UNKNOWN
2023-12-05T06:33,2.347824930256621,UNKNOWN
2023-12-05T06:34,2.4478249302566226,UNKNOWN
2023-12-05T06:35,2.4478249302566226,UNKNOWN
2023-12-05T06:36,2.4478249302566226,UNKNOWN
2023-12-05T06:37,2.4478249302566226,UNKNOWN
2023-12-05T06:38,2.4478249302566226,UNKNOWN
2023-12-05T06:39,2.4478249302566226,UNKNOWN
2023-12-05T06:40,2.347824930256621,UNKNOWN
2023-12-05T06:41,2.24782493025662,UNKNOWN
2023-12-05T06:42,2.1478249302566184,UNKNOWN
2023-12-05T06:43,2.047824930256624,UNKNOWN
2023-12-05T06:44,1.9478249302566226,UNKNOWN
2023-12-05T06:45,1.9478249302566226,UNKNOWN
2023-12-05T06:46,1.9478249302566226,UNKNOWN
2023-12-05T06:47,1.9478249302566226,UNKNOWN
2023-12-05T06:48,2.047824930256624,UNKNOWN
2023-12-05T06:49,2.24782493025662,UNKNOWN
2023-12-05T06:50,2.24782493025662,UNKNOWN
2023-12-05T06:51,2.347824930256621,UNKNOWN
2023-12-05T06:52,2.347824930256621,UNKNOWN
2023-12-05T06:53,2.4478249302566226,UNKNOWN
2023-12-05T06:54,2.4478249302566226,UNKNOWN
2023-12-05T06:55,2.4478249302566226,UNKNOWN
2023-12-05T06:56,2.4478249302566226,UNKNOWN
2023-12-05T06:57,2.4478249302566226,UNKNOWN
2023-12-05T06:58,2.4478249302566226,UNKNOWN
2023-12-05T06:59,2.547824930256624,UNKNOWN
2023-12-05T07:00,2.547824930256624,UNKNOWN
2023-12-05T07:01,2.547824930256624,UNKNOWN
2023-12-05T07:02,2.547824930256624,UNKNOWN
2023-12-05T07:03,2.547824930256624,UNKNOWN
2023-12-05T07:04,2.547824930256624,UNKNOWN
2023-12-05T07:05,2.547824930256624,UNKNOWN
2023-12-05T07:06,2.4478249302566226,UNKNOWN
2023-12-05T07:07,2.347824930256621,UNKNOWN
2023-12-05T07:08,2.24782493025662,UNKNOWN
2023-12-05T07:09,2.24782493025662,UNKNOWN
2023-12-05T07:10,2.1478249302566184,UNKNOWN
2023-12-05T07:11,1.9478249302566226,UNKNOWN
2023-12-05T07:12,1.9478249302566226,UNKNOWN
2023-12-05T07:13,2.047824930256624,UNKNOWN
2023-12-05T07:14,2.1478249302566184,UNKNOWN
2023-12-05T07:15,2.24782493025662,UNKNOWN
2023-12-05T07:16,1.8478249302566212,UNKNOWN
2023-12-05T07:17,1.6478249302566184,UNKNOWN
2023-12-05T07:18,1.547824930256624,UNKNOWN
2023-12-05T07:19,1.4478249302566226,UNKNOWN
2023-12-05T07:20,1.4478249302566226,UNKNOWN
2023-12-05T07:21,1.2478249302566198,UNKNOWN
2023-12-05T07:22,1.2478249302566198,UNKNOWN
2023-12-05T07:23,1.3478249302566212,UNKNOWN
2023-12-05T07:24,1.4478249302566226,UNKNOWN
2023-12-05T07:25,1.4478249302566226,UNKNOWN
2023-12-05T07:26,1.4478249302566226,UNKNOWN
2023-12-05T07:27,1.6478249302566184,UNKNOWN
2023-12-05T07:28,1.7478249302566198,UNKNOWN
2023-12-05T07:29,1.9478249302566226,UNKNOWN
2023-12-05T07:30,1.9478249302566226,UNKNOWN
2023-12-05T07:31,2.047824930256624,UNKNOWN
2023-12-05T07:32,2.047824930256624,UNKNOWN
2023-12-05T07:33,2.1478249302566184,UNKNOWN
2023-12-05T07:34,2.24782493025662,UNKNOWN
2023-12-05T07:35,2.24782493025662,UNKNOWN
2023-12-05T07:36,2.24782493025662,UNKNOWN
2023-12-05T07:37,2.24782493025662,UNKNOWN
2023-12-05T07:38,2.24782493025662,UNKNOWN
2023-12-05T07:39,2.1478249302566184,UNKNOWN
2023-12-05T07:40,2.1478249302566184,UNKNOWN
2023-12-05T07:41,2.047824930256624,UNKNOWN
2023-12-05T07:42,2.047824930256624,UNKNOWN
2023-12-05T07:43,1.9478249302566226,UNKNOWN
2023-12-05T07:44,1.8478249302566212,UNKNOWN
2023-12-05T07:45,1.8478249302566212,UNKNOWN
2023-12-05T07:46,1.7478249302566198,UNKNOWN
2023-12-05T07:47,1.8478249302566212,UNKNOWN
2023-12-05T07:48,1.8478249302566212,UNKNOWN
2023-12-05T07:49,1.8478249302566212,UNKNOWN
2023-12-05T07:50,1.9478249302566226,UNKNOWN
2023-12-05T07:51,1.4478249302566226,UNKNOWN
2023-12-05T07:52,0.9478249302566226,UNKNOWN
2023-12-05T07:53,0.547824930256624,UNKNOWN
2023-12-05T07:54,0.14782493025661836,UNKNOWN
2023-12-05T07:55,0.14782493025661836,UNKNOWN
2023-12-05T07:56,0.24782493025661978,UNKNOWN
2023-12-05T07:57,0.24782493025661978,UNKNOWN
2023-12-05T07:58,0.14782493025661836,UNKNOWN
2023-12-05T07:59,0.14782493025661836,UNKNOWN
2023-12-05T08:00,0.14782493025661836,UNKNOWN
2023-12-05T08:01,0.14782493025661836,UNKNOWN
2023-12-05T08:02,0.14782493025661836,UNKNOWN
2023-12-05T08:03,0.14782493025661836,UNKNOWN
2023-12-05T08:04,0.14782493025661836,UNKNOWN
2023-12-05T08:05,-0.1521750697433788,UNKNOWN
2023-12-05T08:06,-0.8521750697433816,UNKNOWN
2023-12-05T08:07,-1.7521750697433802,UNKNOWN
2023-12-05T08:08,-2.25217506974338,UNKNOWN
2023-12-05T08:09,-2.4521750697433795,UNKNOWN
2023-12-05T08:10,-2.652175069743379,UNKNOWN
2023-12-05T08:11,-2.9521750697433795,UNKNOWN
2023-12-05T08:12,-2.9521750697433795,UNKNOWN
2023-12-05T08:13,-3.0521750697433774,UNKNOWN
2023-12-05T08:14,-2.9521750697433795,UNKNOWN
2023-12-05T08:15,-3.152175069743379,UNKNOWN
2023-12-05T08:16,-3.152175069743379,UNKNOWN
2023-12-05T08:17,-3.0521750697433774,UNKNOWN
2023-12-05T08:18,-3.0521750697433774,UNKNOWN
2023-12-05T08:19,-3.25217506974338,UNKNOWN
2023-12-05T08:20,-3.75217506974338,UNKNOWN
2023-12-05T08:21,-3.9521750697433795,UNKNOWN
2023-12-05T08:22,-4.25217506974338,UNKNOWN
2023-12-05T08:23,-4.352175069743378,UNKNOWN
2023-12-05T08:24,-4.552175069743377,UNKNOWN
2023-12-05T08:26,-4.552175069743377,UNKNOWN
2023-12-05T08:27,-4.75217506974338,UNKNOWN
2023-12-05T08:28,-4.9521750697433795,UNKNOWN
2023-12-05T08:29,-5.052175069743377,UNKNOWN
2023-12-05T08:30,-4.9521750697433795,UNKNOWN
2023-12-05T08:31,-4.852175069743378,UNKNOWN
2023-12-05T08:32,-4.852175069743378,UNKNOWN
2023-12-05T08:33,-5.052175069743377,UNKNOWN
2023-12-05T08:34,-5.152175069743379,UNKNOWN
2023-12-05T08:35,-5.25217506974338,UNKNOWN
2023-12-05T08:36,-5.352175069743378,UNKNOWN
2023-12-05T08:37,-5.352175069743378,UNKNOWN
2023-12-05T08:38,-5.4521750697433795,UNKNOWN
2023-12-05T08:39,-5.352175069743378,UNKNOWN
2023-12-05T08:40,-5.352175069743378,UNKNOWN
2023-12-05T08:41,-5.25217506974338,UNKNOWN
2023-12-05T08:42,-5.152175069743379,UNKNOWN
2023-12-05T08:43,-5.152175069743379,UNKNOWN
2023-12-05T08:44,-5.152175069743379,UNKNOWN
2023-12-05T08:45,-5.052175069743377,UNKNOWN
2023-12-05T08:46,-4.9521750697433795,UNKNOWN
2023-12-05T08:47,-4.9521750697433795,UNKNOWN
2023-12-05T08:48,-4.75217506974338,UNKNOWN
2023-12-05T08:49,-4.652175069743379,UNKNOWN
2023-12-05T08:50,-4.552175069743377,UNKNOWN
2023-12-05T08:51,-4.4521750697433795,UNKNOWN
2023-12-05T08:52,-4.352175069743378,UNKNOWN
2023-12-05T08:53,-4.352175069743378,UNKNOWN
2023-12-05T08:54,-4.25217506974338,UNKNOWN
2023-12-05T08:55,-4.25217506974338,UNKNOWN
2023-12-05T08:56,-4.25217506974338,UNKNOWN
2023-12-05T08:57,-4.152175069743379,UNKNOWN
2023-12-05T08:58,-4.152175069743379,UNKNOWN
2023-12-05T08:59,-4.052175069743377,UNKNOWN
2023-12-05T09:00,-4.052175069743377,UNKNOWN
2023-12-05T09:01,-3.9521750697433795,UNKNOWN
2023-12-05T09:02,-4.25217506974338,UNKNOWN
2023-12-05T09:03,-4.4521750697433795,UNKNOWN
2023-12-05T09:04,-4.4521750697433795,UNKNOWN
2023-12-05T09:05,-4.352175069743378,UNKNOWN
2023-12-05T09:06,-4.4521750697433795,UNKNOWN
2023-12-05T09:07,-4.352175069743378,UNKNOWN
2023-12-05T09:08,-4.352175069743378,UNKNOWN
2023-12-05T09:09,-4.352175069743378,UNKNOWN
2023-12-05T09:10,-4.4521750697433795,UNKNOWN
2023-12-05T09:11,-4.4521750697433795,UNKNOWN
2023-12-05T09:12,-4.25217506974338,UNKNOWN
2023-12-05T09:13,-4.352175069743378,UNKNOWN
2023-12-05T09:14,-4.25217506974338,UNKNOWN
2023-12-05T09:15,-4.25217506974338,UNKNOWN
2023-12-05T09:16,-4.152175069743379,UNKNOWN
2023-12-05T09:17,-3.9521750697433795,UNKNOWN
2023-12-05T09:18,-3.852175069743378,UNKNOWN
2023-12-05T09:19,-3.75217506974338,UNKNOWN
2023-12-05T09:20,-3.652175069743379,UNKNOWN
2023-12-05T09:21,-3.652175069743379,UNKNOWN
2023-12-05T09:22,-3.652175069743379,UNKNOWN
2023-12-05T09:23,-3.75217506974338,UNKNOWN
2023-12-05T09:24,-3.5521750697433774,UNKNOWN
2023-12-05T09:25,-3.4521750697433795,UNKNOWN
2023-12-05T09:26,-3.352175069743378,UNKNOWN
2023-12-05T09:27,-3.25217506974338,UNKNOWN
2023-12-05T09:28,-3.352175069743378,UNKNOWN
2023-12-05T09:29,-3.352175069743378,UNKNOWN
2023-12-05T09:30,-3.4521750697433795,UNKNOWN
2023-12-05T09:31,-3.5521750697433774,UNKNOWN
2023-12-05T09:32,-3.652175069743379,UNKNOWN
2023-12-05T09:33,-3.4521750697433795,UNKNOWN
2023-12-05T09:34,-3.5521750697433774,UNKNOWN
2023-12-05T09:35,-3.652175069743379,UNKNOWN
2023-12-05T09:36,-3.652175069743379,UNKNOWN
2023-12-05T09:37,-3.652175069743379,UNKNOWN
2023-12-05T09:38,-3.652175069743379,UNKNOWN
2023-12-05T09:39,-3.652175069743379,UNKNOWN
2023-12-05T09:40,-3.652175069743379,UNKNOWN
2023-12-05T09:41,-3.652175069743379,UNKNOWN
2023-12-05T09:42,-3.652175069743379,UNKNOWN
2023-12-05T09:43,-3.75217506974338,UNKNOWN
2023-12-05T09:44,-3.852175069743378,UNKNOWN
2023-12-05T09:45,-3.9521750697433795,UNKNOWN
2023-12-05T09:46,-4.052175069743377,UNKNOWN
2023-12-05T09:47,-4.352175069743378,UNKNOWN
2023-12-05T09:48,-4.552175069743377,UNKNOWN
2023-12-05T09:49,-4.4521750697433795,UNKNOWN
2023-12-05T09:50,-4.4521750697433795,UNKNOWN
2023-12-05T09:51,-4.4521750697433795,UNKNOWN
2023-12-05T09:52,-4.75217506974338,UNKNOWN
2023-12-05T09:53,-4.9521750697433795,UNKNOWN
2023-12-05T09:54,-5.25217506974338,UNKNOWN
2023-12-05T09:55,-5.4521750697433795,UNKNOWN
2023-12-05T09:56,-5.352175069743378,UNKNOWN
2023-12-05T09:57,-5.152175069743379,UNKNOWN
2023-12-05T09:58,-4.9521750697433795,UNKNOWN
2023-12-05T09:59,-4.75217506974338,UNKNOWN
2023-12-05T10:00,-4.75217506974338,UNKNOWN
2023-12-05T10:01,-4.75217506974338,UNKNOWN
2023-12-05T10:02,-4.9521750697433795,UNKNOWN
2023-12-05T10:03,-5.052175069743377,UNKNOWN
2023-12-05T10:04,-5.152175069743379,UNKNOWN
2023-12-05T10:05,-4.75217506974338,UNKNOWN
2023-12-05T10:06,-4.75217506974338,UNKNOWN
2023-12-05T10:07,-4.75217506974338,UNKNOWN
2023-12-05T10:08,-4.552175069743377,UNKNOWN
2023-12-05T10:09,-4.352175069743378,UNKNOWN
2023-12-05T10:10,-4.75217506974338,UNKNOWN
2023-12-05T10:11,-5.152175069743379,UNKNOWN
2023-12-05T10:12,-5.25217506974338,UNKNOWN
2023-12-05T10:13,-5.25217506974338,UNKNOWN
2023-12-05T10:14,-5.25217506974338,UNKNOWN
2023-12-05T10:15,-5.152175069743379,UNKNOWN
2023-12-05T10:16,-5.152175069743379,UNKNOWN
2023-12-05T10:17,-5.152175069743379,UNKNOWN
2023-12-05T10:18,-5.052175069743377,UNKNOWN
2023-12-05T10:19,-4.9521750697433795,UNKNOWN
2023-12-05T10:20,-4.852175069743378,UNKNOWN
2023-12-05T10:21,-4.652175069743379,UNKNOWN
2023-12-05T10:22,-4.552175069743377,UNKNOWN
2023-12-05T10:23,-4.4521750697433795,UNKNOWN
2023-12-05T10:24,-4.25217506974338,UNKNOWN
2023-12-05T10:25,-4.052175069743377,UNKNOWN
2023-12-05T10:26,-3.852175069743378,UNKNOWN
2023-12-05T10:27,-3.852175069743378,UNKNOWN
2023-12-05T10:28,-3.75217506974338,UNKNOWN
2023-12-05T10:29,-3.652175069743379,UNKNOWN
2023-12-05T10:30,-3.5521750697433774,UNKNOWN
2023-12-05T10:31,-3.4521750697433795,UNKNOWN
2023-12-05T10:32,-3.4521750697433795,UNKNOWN
2023-12-05T10:33,-3.4521750697433795,UNKNOWN
2023-12-05T10:34,-3.4521750697433795,UNKNOWN
2023-12-05T10:35,-3.4521750697433795,UNKNOWN
2023-12-05T10:36,-3.4521750697433795,UNKNOWN
2023-12-05T10:37,-3.4521750697433795,UNKNOWN
2023-12-05T10:38,-3.4521750697433795,UNKNOWN
2023-12-05T10:39,-3.4521750697433795,UNKNOWN
2023-12-05T10:40,-3.4521750697433795,UNKNOWN
2023-12-05T10:41,-3.352175069743378,UNKNOWN
2023-12-05T10:42,-3.352175069743378,UNKNOWN
2023-12-05T10:43,-3.352175069743378,UNKNOWN
2023-12-05T10:44,-3.352175069743378,UNKNOWN
2023-12-05T10:45,-3.352175069743378,UNKNOWN
2023-12-05T10:46,-3.352175069743378,UNKNOWN
2023-12-05T10:47,-3.5521750697433774,UNKNOWN
2023-12-05T10:48,-3.852175069743378,UNKNOWN
2023-12-05T10:49,-3.9521750697433795,UNKNOWN
2023-12-05T10:50,-3.9521750697433795,UNKNOWN
2023-12-05T10:51,-4.052175069743377,UNKNOWN
2023-12-05T10:52,-3.852175069743378,UNKNOWN
2023-12-05T10:53,-3.852175069743378,UNKNOWN
2023-12-05T10:54,-3.75217506974338,UNKNOWN
2023-12-05T10:55,-3.75217506974338,UNKNOWN
2023-12-05T10:57,-3.75217506974338,UNKNOWN
2023-12-05T10:58,-3.75217506974338,UNKNOWN
2023-12-05T10:59,-3.9521750697433795,UNKNOWN
2023-12-05T11:00,-4.052175069743377,UNKNOWN
2023-12-05T11:01,-3.9521750697433795,UNKNOWN
2023-12-05T11:02,-3.852175069743378,UNKNOWN
2023-12-05T11:03,-3.9521750697433795,UNKNOWN
2023-12-05T11:04,-3.9521750697433795,UNKNOWN
2023-12-05T11:05,-3.852175069743378,UNKNOWN
2023-12-05T11:06,-3.9521750697433795,UNKNOWN
2023-12-05T11:07,-4.052175069743377,UNKNOWN
2023-12-05T11:08,-4.152175069743379,UNKNOWN
2023-12-05T11:09,-4.152175069743379,UNKNOWN
2023-12-05T11:10,-4.25217506974338,UNKNOWN
2023-12-05T11:11,-4.25217506974338,UNKNOWN
2023-12-05T11:12,-4.152175069743379,UNKNOWN
2023-12-05T11:13,-4.052175069743377,UNKNOWN
2023-12-05T11:14,-3.75217506974338,UNKNOWN
2023-12-05T11:15,-3.9521750697433795,UNKNOWN
2023-12-05T11:16,-4.052175069743377,UNKNOWN
2023-12-05T11:17,-4.052175069743377,UNKNOWN
2023-12-05T11:18,-4.052175069743377,UNKNOWN
2023-12-05T11:19,-4.152175069743379,UNKNOWN
2023-12-05T11:20,-4.152175069743379,UNKNOWN
2023-12-05T11:21,-4.152175069743379,UNKNOWN
2023-12-05T11:22,-4.25217506974338,UNKNOWN
2023-12-05T11:23,-4.25217506974338,UNKNOWN
2023-12-05T11:24,-4.25217506974338,UNKNOWN
2023-12-05T11:25,-4.25217506974338,UNKNOWN
2023-12-05T11:26,-4.052175069743377,UNKNOWN
2023-12-05T11:27,-3.75217506974338,UNKNOWN
2023-12-05T11:28,-3.4521750697433795,UNKNOWN
2023-12-05T11:29,-3.4521750697433795,UNKNOWN
2023-12-05T11:30,-3.652175069743379,UNKNOWN
2023-12-05T11:31,-3.652175069743379,UNKNOWN
2023-12-05T11:32,-3.9521750697433795,UNKNOWN
2023-12-05T11:33,-4.25217506974338,UNKNOWN
2023-12-05T11:34,-4.4521750697433795,UNKNOWN
2023-12-05T11:35,-4.552175069743377,UNKNOWN
2023-12-05T11:36,-4.652175069743379,UNKNOWN
2023-12-05T11:37,-4.75217506974338,UNKNOWN
2023-12-05T11:38,-4.75217506974338,UNKNOWN
2023-12-05T11:39,-4.852175069743378,UNKNOWN
2023-12-05T11:40,-4.852175069743378,UNKNOWN
2023-12-05T11:41,-4.9521750697433795,UNKNOWN
2023-12-05T11:43,-4.852175069743378,UNKNOWN
2023-12-05T11:44,-5.152175069743379,UNKNOWN
2023-12-05T11:45,-5.552175069743377,UNKNOWN
2023-12-05T11:46,-5.75217506974338,UNKNOWN
2023-12-05T11:47,-5.852175069743378,UNKNOWN
2023-12-05T11:48,-5.75217506974338,UNKNOWN
2023-12-05T11:49,-5.652175069743379,UNKNOWN
2023-12-05T11:50,-5.4521750697433795,UNKNOWN
2023-12-05T11:51,-5.552175069743377,UNKNOWN
2023-12-05T11:52,-5.552175069743377,UNKNOWN
2023-12-05T11:53,-5.75217506974338,UNKNOWN
2023-12-05T11:54,-6.25217506974338,UNKNOWN
2023-12-05T11:55,-6.4521750697433795,UNKNOWN
2023-12-05T11:56,-6.4521750697433795,UNKNOWN
2023-12-05T11:57,-6.25217506974338,UNKNOWN
2023-12-05T11:58,-6.052175069743377,UNKNOWN
2023-12-05T11:59,-6.152175069743379,UNKNOWN
2023-12-05T12:00,-6.25217506974338,UNKNOWN
2023-12-05T12:01,-6.352175069743378,UNKNOWN
2023-12-05T12:02,-6.4521750697433795,UNKNOWN
2023-12-05T12:03,-6.652175069743379,UNKNOWN
2023-12-05T12:04,-6.4521750697433795,UNKNOWN
2023-12-05T12:05,-6.4521750697433795,UNKNOWN
2023-12-05T12:06,-6.25217506974338,UNKNOWN
2023-12-05T12:07,-6.4521750697433795,UNKNOWN
2023-12-05T12:08,-6.75217506974338,UNKNOWN
2023-12-05T12:09,-7.25217506974338,UNKNOWN
2023-12-05T12:10,-7.552175069743377,UNKNOWN
2023-12-05T12:11,-7.852175069743378,UNKNOWN
2023-12-05T12:12,-7.75217506974338,UNKNOWN
2023-12-05T12:13,-7.652175069743379,UNKNOWN
2023-12-05T12:14,-7.552175069743377,UNKNOWN
2023-12-05T12:15,-7.552175069743377,UNKNOWN
2023-12-05T12:16,-7.852175069743378,UNKNOWN
2023-12-05T12:17,-8.152175069743379,UNKNOWN
2023-12-05T12:27,-8.152175069743379,UNKNOWN
2023-12-05T12:28,-7.9521750697433795,UNKNOWN
2023-12-05T12:29,-7.75217506974338,UNKNOWN
2023-12-05T12:30,-7.75217506974338,UNKNOWN
2023-12-05T12:31,-7.75217506974338,UNKNOWN
2023-12-05T12:32,-7.652175069743379,UNKNOWN
2023-12-05T12:33,-7.4521750697433795,UNKNOWN
2023-12-05T12:34,-7.25217506974338,UNKNOWN
2023-12-05T12:35,-7.152175069743379,UNKNOWN
2023-12-05T12:36,-7.352175069743378,UNKNOWN
2023-12-05T12:37,-7.552175069743377,UNKNOWN
2023-12-05T12:38,-7.552175069743377,UNKNOWN
2023-12-05T12:39,-7.25217506974338,UNKNOWN
2023-12-05T12:40,-6.75217506974338,UNKNOWN
2023-12-05T12:41,-6.152175069743379,UNKNOWN
2023-12-05T12:42,-5.552175069743377,UNKNOWN
2023-12-05T12:43,-5.052175069743377,UNKNOWN
2023-12-05T12:44,-5.352175069743378,UNKNOWN
2023-12-05T12:45,-5.652175069743379,UNKNOWN
2023-12-05T12:46,-5.652175069743379,UNKNOWN
2023-12-05T12:47,-5.25217506974338,UNKNOWN
2023-12-05T12:48,-4.75217506974338,UNKNOWN
2023-12-05T12:49,-4.25217506974338,UNKNOWN
2023-12-05T12:50,-4.152175069743379,UNKNOWN
2023-12-05T12:51,-3.9521750697433795,UNKNOWN
2023-12-05T12:52,-3.9521750697433795,UNKNOWN
2023-12-05T12:53,-3.852175069743378,UNKNOWN
2023-12-05T12:54,-3.75217506974338,UNKNOWN
2023-12-05T12:55,-3.5521750697433774,UNKNOWN
2023-12-05T12:56,-3.4521750697433795,UNKNOWN
2023-12-05T12:57,-3.152175069743379,UNKNOWN
2023-12-05T12:58,-3.0521750697433774,UNKNOWN
2023-12-05T12:59,-2.9521750697433795,UNKNOWN
2023-12-05T13:00,-2.852175069743378,UNKNOWN
2023-12-05T13:01,-2.75217506974338,UNKNOWN
2023-12-05T13:02,-2.852175069743378,UNKNOWN
2023-12-05T13:03,-2.9521750697433795,UNKNOWN
2023-12-05T13:04,-2.9521750697433795,UNKNOWN
2023-12-05T13:05,-2.9521750697433795,UNKNOWN
2023-12-05T13:06,-3.0521750697433774,UNKNOWN
2023-12-05T13:07,-3.0521750697433774,UNKNOWN
2023-12-05T13:08,-3.25217506974338,UNKNOWN
2023-12-05T13:09,-3.4521750697433795,UNKNOWN
2023-12-05T13:10,-3.5521750697433774,UNKNOWN
2023-12-05T13:11,-3.75217506974338,UNKNOWN
2023-12-05T13:12,-4.052175069743377,UNKNOWN
2023-12-05T13:14,-4.25217506974338,UNKNOWN
2023-12-05T13:15,-4.25217506974338,UNKNOWN
2023-12-05T13:16,-4.152175069743379,UNKNOWN
2023-12-05T13:17,-4.152175069743379,UNKNOWN
2023-12-05T13:18,-4.152175069743379,UNKNOWN
2023-12-05T13:19,-4.052175069743377,UNKNOWN
2023-12-05T13:20,-4.052175069743377,UNKNOWN
2023-12-05T13:21,-3.9521750697433795,UNKNOWN
2023-12-05T13:22,-3.9521750697433795,UNKNOWN
2023-12-05T13:23,-3.9521750697433795,UNKNOWN
2023-12-05T13:24,-4.052175069743377,UNKNOWN
2023-12-05T13:25,-4.052175069743377,UNKNOWN
2023-12-05T13:26,-4.052175069743377,UNKNOWN
2023-12-05T13:27,-3.9521750697433795,UNKNOWN
2023-12-05T13:28,-3.9521750697433795,UNKNOWN
2023-12-05T13:29,-3.9521750697433795,UNKNOWN
2023-12-05T13:30,-3.9521750697433795,UNKNOWN
2023-12-05T13:31,-3.9521750697433795,UNKNOWN
2023-12-05T13:32,-4.052175069743377,UNKNOWN
2023-12-05T13:33,-4.052175069743377,UNKNOWN
2023-12-05T13:34,-4.052175069743377,UNKNOWN
2023-12-05T13:35,-4.152175069743379,UNKNOWN
2023-12-05T13:36,-4.25217506974338,UNKNOWN
2023-12-05T13:37,-4.25217506974338,UNKNOWN
2023-12-05T13:38,-4.25217506974338,UNKNOWN
2023-12-05T13:39,-4.352175069743378,UNKNOWN
2023-12-05T13:40,-4.352175069743378,UNKNOWN
2023-12-05T13:41,-4.352175069743378,UNKNOWN
2023-12-05T13:42,-4.352175069743378,UNKNOWN
2023-12-05T13:43,-4.352175069743378,UNKNOWN
2023-12-05T13:45,-4.352175069743378,UNKNOWN
2023-12-05T13:46,-4.352175069743378,UNKNOWN
2023-12-05T13:47,-4.352175069743378,UNKNOWN
2023-12-05T13:48,-4.352175069743378,UNKNOWN
2023-12-05T13:49,-4.352175069743378,UNKNOWN
2023-12-05T13:50,-4.352175069743378,UNKNOWN
2023-12-05T13:51,-4.4521750697433795,UNKNOWN
2023-12-05T13:52,-4.4521750697433795,UNKNOWN
2023-12-05T13:53,-4.552175069743377,UNKNOWN
2023-12-05T13:54,-4.552175069743377,UNKNOWN
2023-12-05T13:55,-4.552175069743377,UNKNOWN
2023-12-05T13:56,-4.652175069743379,UNKNOWN
2023-12-05T13:57,-4.652175069743379,UNKNOWN
2023-12-05T13:58,-4.652175069743379,UNKNOWN
2023-12-05T13:59,-4.652175069743379,UNKNOWN
2023-12-05T14:00,-4.652175069743379,UNKNOWN
2023-12-05T14:01,-4.75217506974338,UNKNOWN
2023-12-05T14:02,-4.75217506974338,UNKNOWN
2023-12-05T14:03,-4.75217506974338,UNKNOWN
2023-12-05T14:04,-4.75217506974338,UNKNOWN
2023-12-05T14:05,-4.75217506974338,UNKNOWN
2023-12-05T14:06,-4.75217506974338,UNKNOWN
2023-12-05T14:07,-4.75217506974338,UNKNOWN
2023-12-05T14:08,-4.75217506974338,UNKNOWN
2023-12-05T14:09,-4.852175069743378,UNKNOWN
2023-12-05T14:10,-4.852175069743378,UNKNOWN
2023-12-05T14:11,-4.9521750697433795,UNKNOWN
2023-12-05T14:12,-4.9521750697433795,UNKNOWN
2023-12-05T14:13,-4.9521750697433795,UNKNOWN
2023-12-05T14:14,-5.052175069743377,UNKNOWN
2023-12-05T14:15,-5.052175069743377,UNKNOWN
2023-12-05T14:16,-5.052175069743377,UNKNOWN
2023-12-05T14:17,-5.152175069743379,UNKNOWN
2023-12-05T14:18,-5.152175069743379,UNKNOWN
2023-12-05T14:19,-5.152175069743379,UNKNOWN
2023-12-05T14:20,-5.152175069743379,UNKNOWN
2023-12-05T14:21,-5.152175069743379,UNKNOWN
2023-12-05T14:22,-5.152175069743379,UNKNOWN
2023-12-05T14:23,-5.152175069743379,UNKNOWN
2023-12-05T14:24,-5.152175069743379,UNKNOWN
2023-12-05T14:25,-5.152175069743379,UNKNOWN
2023-12-05T14:26,-5.152175069743379,UNKNOWN
2023-12-05T14:27,-5.152175069743379,UNKNOWN
2023-12-05T14:28,-5.152175069743379,UNKNOWN
2023-12-05T14:29,-5.152175069743379,UNKNOWN
2023-12-05T14:30,-5.152175069743379,UNKNOWN
2023-12-05T14:31,-5.152175069743379,UNKNOWN
2023-12-05T14:32,-5.152175069743379,UNKNOWN
2023-12-05T14:33,-5.25217506974338,UNKNOWN
2023-12-05T14:34,-5.152175069743379,UNKNOWN
2023-12-05T14:35,-5.152175069743379,UNKNOWN
2023-12-05T14:36,-5.152175069743379,UNKNOWN
2023-12-05T14:37,-5.052175069743377,UNKNOWN
2023-12-05T14:38,-4.9521750697433795,UNKNOWN
2023-12-05T14:39,-4.9521750697433795,UNKNOWN
2023-12-05T14:40,-4.852175069743378,UNKNOWN
2023-12-05T14:41,-4.9521750697433795,UNKNOWN
2023-12-05T14:42,-4.75217506974338,UNKNOWN
2023-12-05T14:43,-4.75217506974338,UNKNOWN
2023-12-05T14:44,-4.652175069743379,UNKNOWN
2023-12-05T14:45,-4.652175069743379,UNKNOWN
2023-12-05T14:46,-4.652175069743379,UNKNOWN
2023-12-05T14:47,-4.552175069743377,UNKNOWN
2023-12-05T14:48,-4.652175069743379,UNKNOWN
2023-12-05T14:49,-4.652175069743379,UNKNOWN
2023-12-05T14:50,-4.652175069743379,UNKNOWN
2023-12-05T14:51,-4.75217506974338,UNKNOWN
2023-12-05T14:52,-4.9521750697433795,UNKNOWN
2023-12-05T14:53,-4.9521750697433795,UNKNOWN
2023-12-05T14:54,-4.9521750697433795,UNKNOWN
2023-12-05T14:55,-4.9521750697433795,UNKNOWN
2023-12-05T14:56,-5.052175069743377,UNKNOWN
2023-12-05T14:57,-5.052175069743377,UNKNOWN
2023-12-05T14:58,-4.9521750697433795,UNKNOWN
2023-12-05T14:59,-4.9521750697433795,UNKNOWN
2023-12-05T15:00,-4.852175069743378,UNKNOWN
2023-12-05T15:01,-5.052175069743377,UNKNOWN
2023-12-05T15:02,-4.9521750697433795,UNKNOWN
2023-12-05T15:03,-4.75217506974338,UNKNOWN
2023-12-05T15:04,-4.652175069743379,UNKNOWN
2023-12-05T15:05,-4.652175069743379,UNKNOWN
2023-12-05T15:06,-4.652175069743379,UNKNOWN
2023-12-05T15:07,-4.852175069743378,UNKNOWN
2023-12-05T15:08,-5.052175069743377,UNKNOWN
2023-12-05T15:09,-5.25217506974338,UNKNOWN
2023-12-05T15:10,-5.352175069743378,UNKNOWN
2023-12-05T15:11,-5.552175069743377,UNKNOWN
2023-12-05T15:12,-5.652175069743379,UNKNOWN
2023-12-05T15:13,-5.75217506974338,UNKNOWN
2023-12-05T15:14,-5.75217506974338,UNKNOWN
2023-12-05T15:15,-5.852175069743378,UNKNOWN
2023-12-05T15:16,-6.052175069743377,UNKNOWN
2023-12-05T15:17,-6.152175069743379,UNKNOWN
2023-12-05T15:18,-6.4521750697433795,UNKNOWN
2023-12-05T15:19,-6.652175069743379,UNKNOWN
2023-12-05T15:20,-6.9521750697433795,UNKNOWN
2023-12-05T15:21,-7.25217506974338,UNKNOWN
2023-12-05T15:22,-7.4521750697433795,UNKNOWN
2023-12-05T15:23,-7.652175069743379,UNKNOWN
2023-12-05T15:24,-7.75217506974338,UNKNOWN
2023-12-05T15:25,-7.652175069743379,UNKNOWN
2023-12-05T15:26,-7.75217506974338,UNKNOWN
2023-12-05T15:27,-7.852175069743378,UNKNOWN
2023-12-05T15:28,-8.152175069743379,UNKNOWN
2023-12-05T18:46,-6.75217506974338,UNKNOWN
2023-12-05T18:47,-5.852175069743378,UNKNOWN
2023-12-05T18:48,-5.25217506974338,UNKNOWN
2023-12-05T18:49,-4.75217506974338,UNKNOWN
2023-12-05T18:50,-4.352175069743378,UNKNOWN
2023-12-05T18:51,-3.9521750697433795,UNKNOWN
2023-12-05T18:52,-3.75217506974338,UNKNOWN
2023-12-05T18:53,-3.4521750697433795,UNKNOWN
2023-12-05T18:54,-3.352175069743378,UNKNOWN
2023-12-05T18:55,-3.4521750697433795,UNKNOWN
2023-12-05T18:56,-3.25217506974338,UNKNOWN
2023-12-05T18:57,-3.0521750697433774,UNKNOWN
2023-12-05T18:58,-2.852175069743378,UNKNOWN
2023-12-05T18:59,-2.652175069743379,UNKNOWN
2023-12-05T19:00,-2.5521750697433774,UNKNOWN
2023-12-05T19:01,-2.352175069743378,UNKNOWN
2023-12-05T19:02,-2.0521750697433774,UNKNOWN
2023-12-05T19:03,-1.852175069743378,UNKNOWN
2023-12-05T19:04,-1.6521750697433788,UNKNOWN
2023-12-05T19:05,-1.5521750697433774,UNKNOWN
2023-12-05T19:06,-1.5521750697433774,UNKNOWN
2023-12-05T19:07,-1.6521750697433788,UNKNOWN
2023-12-05T19:08,-1.6521750697433788,UNKNOWN
2023-12-05T19:09,-1.7521750697433802,UNKNOWN
2023-12-05T19:10,-1.7521750697433802,UNKNOWN
2023-12-05T19:11,-1.7521750697433802,UNKNOWN
2023-12-05T19:12,-1.7521750697433802,UNKNOWN
2023-12-05T19:13,-1.852175069743378,UNKNOWN
2023-12-05T19:14,-1.9521750697433795,UNKNOWN
2023-12-05T19:15,-1.9521750697433795,UNKNOWN
2023-12-05T19:16,-2.0521750697433774,UNKNOWN
2023-12-05T19:17,-2.152175069743379,UNKNOWN
2023-12-05T19:18,-2.152175069743379,UNKNOWN
2023-12-05T19:20,-2.152175069743379,UNKNOWN
2023-12-05T19:21,-2.0521750697433774,UNKNOWN
2023-12-05T19:22,-2.152175069743379,UNKNOWN
2023-12-05T19:23,-2.152175069743379,UNKNOWN
2023-12-05T19:24,-2.152175069743379,UNKNOWN
2023-12-05T19:25,-2.152175069743379,UNKNOWN
2023-12-05T19:26,-2.152175069743379,UNKNOWN
2023-12-05T19:27,-2.0521750697433774,UNKNOWN
2023-12-05T19:28,-2.0521750697433774,UNKNOWN
2023-12-05T19:29,-2.0521750697433774,UNKNOWN
2023-12-05T19:30,-2.0521750697433774,UNKNOWN
2023-12-05T19:31,-2.0521750697433774,UNKNOWN
2023-12-05T19:32,-2.0521750697433774,UNKNOWN
2023-12-05T19:33,-1.9521750697433795,UNKNOWN
2023-12-05T19:34,-1.9521750697433795,UNKNOWN
2023-12-05T19:35,-1.852175069743378,UNKNOWN
2023-12-05T19:36,-1.9521750697433795,UNKNOWN
2023-12-05T19:37,-1.9521750697433795,UNKNOWN
2023-12-05T19:38,-2.0521750697433774,UNKNOWN
2023-12-05T19:39,-2.0521750697433774,UNKNOWN
2023-12-05T19:40,-1.9521750697433795,UNKNOWN
2023-12-05T19:41,-2.0521750697433774,UNKNOWN
2023-12-05T19:42,-2.152175069743379,UNKNOWN
2023-12-05T19:43,-2.352175069743378,UNKNOWN
2023-12-05T19:44,-2.352175069743378,UNKNOWN
2023-12-05T19:45,-2.4521750697433795,UNKNOWN
2023-12-05T19:46,-2.4521750697433795,UNKNOWN
2023-12-05T19:47,-2.652175069743379,UNKNOWN
2023-12-05T19:48,-2.9521750697433795,UNKNOWN
2023-12-05T19:49,-3.152175069743379,UNKNOWN
2023-12-05T19:50,-3.152175069743379,UNKNOWN
2023-12-05T19:51,-3.352175069743378,UNKNOWN
2023-12-05T19:52,-3.5521750697433774,UNKNOWN
2023-12-05T19:53,-3.652175069743379,UNKNOWN
2023-12-05T19:54,-3.9521750697433795,UNKNOWN
2023-12-05T19:55,-4.25217506974338,UNKNOWN
2023-12-05T19:56,-4.352175069743378,UNKNOWN
2023-12-05T19:57,-4.552175069743377,UNKNOWN
2023-12-05T19:58,-4.652175069743379,UNKNOWN
2023-12-05T19:59,-4.75217506974338,UNKNOWN
2023-12-05T20:00,-4.852175069743378,UNKNOWN
2023-12-05T20:01,-4.9521750697433795,UNKNOWN
2023-12-05T20:02,-5.052175069743377,UNKNOWN
2023-12-05T20:03,-5.152175069743379,UNKNOWN
2023-12-05T20:04,-5.052175069743377,UNKNOWN
2023-12-05T20:05,-5.052175069743377,UNKNOWN
2023-12-05T20:06,-4.75217506974338,UNKNOWN
2023-12-05T20:07,-4.052175069743377,UNKNOWN
2023-12-05T20:08,-3.75217506974338,UNKNOWN
2023-12-05T20:09,-3.352175069743378,UNKNOWN
2023-12-05T20:10,-3.25217506974338,UNKNOWN
2023-12-05T20:11,-3.25217506974338,UNKNOWN
2023-12-05T20:12,-3.0521750697433774,UNKNOWN
2023-12-05T20:13,-2.652175069743379,UNKNOWN
2023-12-05T20:14,-2.25217506974338,UNKNOWN
2023-12-05T20:15,-1.852175069743378,UNKNOWN
2023-12-05T20:16,-1.6521750697433788,UNKNOWN
2023-12-05T20:17,-1.7521750697433802,UNKNOWN
2023-12-05T20:18,-1.7521750697433802,UNKNOWN
2023-12-05T20:19,-1.7521750697433802,UNKNOWN
2023-12-05T20:20,-1.6521750697433788,UNKNOWN
2023-12-05T20:21,-1.7521750697433802,UNKNOWN
2023-12-05T20:22,-1.9521750697433795,UNKNOWN
2023-12-05T20:23,-1.9521750697433795,UNKNOWN
2023-12-05T20:24,-1.852175069743378,UNKNOWN
2023-12-05T20:25,-1.6521750697433788,UNKNOWN
2023-12-05T20:26,-1.4521750697433795,UNKNOWN
2023-12-05T20:27,-1.352175069743378,UNKNOWN
2023-12-05T20:28,-1.352175069743378,UNKNOWN
2023-12-05T20:29,-1.2521750697433802,UNKNOWN
2023-12-05T20:30,-1.2521750697433802,UNKNOWN
2023-12-05T20:31,-1.352175069743378,UNKNOWN
2023-12-05T20:32,-1.4521750697433795,UNKNOWN
2023-12-05T20:33,-1.4521750697433795,UNKNOWN
2023-12-05T20:34,-1.352175069743378,UNKNOWN
2023-12-05T20:36,-1.4521750697433795,UNKNOWN
2023-12-05T20:37,-1.4521750697433795,UNKNOWN
2023-12-05T20:38,-1.4521750697433795,UNKNOWN
2023-12-05T20:39,-1.5521750697433774,UNKNOWN
2023-12-05T20:40,-1.6521750697433788,UNKNOWN
2023-12-05T20:41,-1.6521750697433788,UNKNOWN
2023-12-05T20:42,-1.6521750697433788,UNKNOWN
2023-12-05T20:43,-1.6521750697433788,UNKNOWN
2023-12-05T20:44,-1.6521750697433788,UNKNOWN
2023-12-05T20:45,-1.852175069743378,UNKNOWN
2023-12-05T20:46,-1.9521750697433795,UNKNOWN
2023-12-05T20:47,-1.9521750697433795,UNKNOWN
2023-12-05T20:48,-1.9521750697433795,UNKNOWN
2023-12-05T20:49,-1.852175069743378,UNKNOWN
2023-12-05T20:50,-1.852175069743378,UNKNOWN
2023-12-05T20:52,-1.852175069743378,UNKNOWN
2023-12-05T20:53,-1.9521750697433795,UNKNOWN
2023-12-05T20:54,-1.9521750697433795,UNKNOWN
2023-12-05T20:55,-2.0521750697433774,UNKNOWN
2023-12-05T20:56,-2.0521750697433774,UNKNOWN
2023-12-05T20:57,-2.0521750697433774,UNKNOWN
2023-12-05T20:58,-2.0521750697433774,UNKNOWN
2023-12-05T20:59,-2.0521750697433774,UNKNOWN
2023-12-05T21:00,-2.0521750697433774,UNKNOWN
2023-12-05T21:01,-2.0521750697433774,UNKNOWN
2023-12-05T21:02,-2.0521750697433774,UNKNOWN
2023-12-05T21:03,-2.152175069743379,UNKNOWN
2023-12-05T21:04,-2.152175069743379,UNKNOWN
2023-12-05T21:05,-2.152175069743379,UNKNOWN
2023-12-05T21:06,-2.152175069743379,UNKNOWN
2023-12-05T21:07,-2.0521750697433774,UNKNOWN
2023-12-05T21:08,-1.9521750697433795,UNKNOWN
2023-12-05T21:09,-1.6521750697433788,UNKNOWN
2023-12-05T21:10,-1.352175069743378,UNKNOWN
2023-12-05T21:11,-1.1521750697433788,UNKNOWN
2023-12-05T21:12,-1.1521750697433788,UNKNOWN
2023-12-05T21:13,-1.1521750697433788,UNKNOWN
2023-12-05T21:14,-1.1521750697433788,UNKNOWN
2023-12-05T21:15,-0.952175069743376,UNKNOWN
2023-12-05T21:16,-0.8521750697433816,UNKNOWN
2023-12-05T21:17,-0.7521750697433802,UNKNOWN
2023-12-05T21:18,-0.8521750697433816,UNKNOWN
2023-12-05T21:19,-0.952175069743376,UNKNOWN
2023-12-05T21:20,-1.1521750697433788,UNKNOWN
2023-12-05T21:21,-1.0521750697433774,UNKNOWN
2023-12-05T21:22,-1.0521750697433774,UNKNOWN
2023-12-05T21:23,-1.2521750697433802,UNKNOWN
2023-12-05T21:24,-1.4521750697433795,UNKNOWN
2023-12-05T21:25,-1.6521750697433788,UNKNOWN
2023-12-05T21:26,-1.9521750697433795,UNKNOWN
2023-12-05T21:27,-2.152175069743379,UNKNOWN
2023-12-05T21:28,-2.152175069743379,UNKNOWN
2023-12-05T21:29,-2.152175069743379,UNKNOWN
2023-12-05T21:30,-2.152175069743379,UNKNOWN
2023-12-05T21:31,-2.152175069743379,UNKNOWN
2023-12-05T21:32,-2.152175069743379,UNKNOWN
2023-12-05T21:33,-2.352175069743378,UNKNOWN
2023-12-05T21:34,-2.352175069743378,UNKNOWN
2023-12-05T21:35,-2.352175069743378,UNKNOWN
2023-12-05T21:36,-2.352175069743378,UNKNOWN
2023-12-05T21:37,-2.0521750697433774,UNKNOWN
2023-12-05T21:38,-1.852175069743378,UNKNOWN
2023-12-05T21:39,-1.7521750697433802,UNKNOWN
2023-12-05T21:40,-1.7521750697433802,UNKNOWN
2023-12-05T21:41,-1.5521750697433774,UNKNOWN
2023-12-05T21:42,-1.352175069743378,UNKNOWN
2023-12-05T21:43,-1.5521750697433774,UNKNOWN
2023-12-05T21:44,-1.7521750697433802,UNKNOWN
2023-12-05T21:45,-1.9521750697433795,UNKNOWN
2023-12-05T21:46,-2.0521750697433774,UNKNOWN
2023-12-05T21:47,-2.25217506974338,UNKNOWN
2023-12-05T21:48,-2.25217506974338,UNKNOWN
2023-12-05T21:49,-2.25217506974338,UNKNOWN
2023-12-05T21:50,-2.5521750697433774,UNKNOWN
2023-12-05T21:51,-2.652175069743379,UNKNOWN
2023-12-05T21:52,-2.75217506974338,UNKNOWN
2023-12-05T21:53,-2.652175069743379,UNKNOWN
2023-12-05T21:54,-2.652175069743379,UNKNOWN
2023-12-05T21:55,-2.5521750697433774,UNKNOWN
2023-12-05T21:56,-2.652175069743379,UNKNOWN
2023-12-05T21:57,-2.652175069743379,UNKNOWN
2023-12-05T21:58,-2.5521750697433774,UNKNOWN
2023-12-05T21:59,-2.75217506974338,UNKNOWN
2023-12-05T22:00,-2.652175069743379,UNKNOWN
2023-12-05T22:01,-2.652175069743379,UNKNOWN
2023-12-05T22:02,-2.9521750697433795,UNKNOWN
2023-12-05T22:03,-3.352175069743378,UNKNOWN
2023-12-05T22:04,-3.9521750697433795,UNKNOWN
2023-12-05T22:05,-4.052175069743377,UNKNOWN
2023-12-05T22:06,-4.352175069743378,UNKNOWN
2023-12-05T22:08,-4.4521750697433795,UNKNOWN
2023-12-05T22:09,-4.552175069743377,UNKNOWN
2023-12-05T22:10,-4.552175069743377,UNKNOWN
2023-12-05T22:11,-4.852175069743378,UNKNOWN
2023-12-05T22:12,-5.352175069743378,UNKNOWN
2023-12-05T22:13,-6.052175069743377,UNKNOWN
2023-12-05T22:14,-6.4521750697433795,UNKNOWN
2023-12-05T22:15,-6.652175069743379,UNKNOWN
2023-12-05T22:16,-6.75217506974338,UNKNOWN
2023-12-05T22:17,-6.852175069743378,UNKNOWN
2023-12-05T22:18,-6.652175069743379,UNKNOWN
2023-12-05T22:19,-6.152175069743379,UNKNOWN
2023-12-05T22:20,-5.852175069743378,UNKNOWN
2023-12-05T22:21,-5.652175069743379,UNKNOWN
2023-12-05T22:22,-5.352175069743378,UNKNOWN
2023-12-05T22:23,-5.25217506974338,UNKNOWN
2023-12-05T22:24,-5.25217506974338,UNKNOWN
2023-12-05T22:25,-5.352175069743378,UNKNOWN
2023-12-05T22:26,-5.152175069743379,UNKNOWN
2023-12-05T22:27,-5.25217506974338,UNKNOWN
2023-12-05T22:28,-5.152175069743379,UNKNOWN
2023-12-05T22:29,-5.152175069743379,UNKNOWN
2023-12-05T22:30,-5.25217506974338,UNKNOWN
2023-12-05T22:31,-5.25217506974338,UNKNOWN
2023-12-05T22:32,-5.25217506974338,UNKNOWN
2023-12-05T22:33,-5.352175069743378,UNKNOWN
2023-12-05T22:34,-5.152175069743379,UNKNOWN
2023-12-05T22:35,-5.25217506974338,UNKNOWN
2023-12-05T22:36,-5.152175069743379,UNKNOWN
2023-12-05T22:37,-5.25217506974338,UNKNOWN
2023-12-05T22:38,-5.352175069743378,UNKNOWN
2023-12-05T22:39,-5.4521750697433795,UNKNOWN
2023-12-05T22:40,-5.552175069743377,UNKNOWN
2023-12-05T22:41,-5.552175069743377,UNKNOWN
2023-12-05T22:42,-5.652175069743379,UNKNOWN
2023-12-05T22:43,-5.75217506974338,UNKNOWN
2023-12-05T22:44,-5.9521750697433795,UNKNOWN
2023-12-05T22:45,-6.052175069743377,UNKNOWN
2023-12-05T22:46,-6.052175069743377,UNKNOWN
2023-12-05T22:47,-6.052175069743377,UNKNOWN
2023-12-05T22:48,-5.9521750697433795,UNKNOWN
2023-12-05T22:49,-5.852175069743378,UNKNOWN
2023-12-05T22:50,-5.852175069743378,UNKNOWN
2023-12-05T22:51,-5.75217506974338,UNKNOWN
2023-12-05T22:52,-5.652175069743379,UNKNOWN
2023-12-05T22:53,-5.652175069743379,UNKNOWN
2023-12-05T22:54,-5.552175069743377,UNKNOWN
2023-12-05T22:55,-5.352175069743378,UNKNOWN
2023-12-05T22:56,-5.352175069743378,UNKNOWN
2023-12-05T22:57,-5.4521750697433795,UNKNOWN
2023-12-05T22:58,-5.4521750697433795,UNKNOWN
2023-12-05T22:59,-5.352175069743378,UNKNOWN
2023-12-05T23:00,-5.352175069743378,UNKNOWN
2023-12-05T23:01,-5.552175069743377,UNKNOWN
2023-12-05T23:02,-5.9521750697433795,UNKNOWN
2023-12-05T23:03,-6.352175069743378,UNKNOWN
2023-12-05T23:07,-8.152175069743379,UNKNOWN
2023-12-05T23:08,-7.652175069743379,UNKNOWN
2023-12-05T23:09,-6.9521750697433795,UNKNOWN
2023-12-05T23:10,-6.4521750697433795,UNKNOWN
2023-12-05T23:11,-6.25217506974338,UNKNOWN
2023-12-05T23:12,-5.852175069743378,UNKNOWN
2023-12-05T23:13,-5.75217506974338,UNKNOWN
2023-12-05T23:14,-5.652175069743379,UNKNOWN
2023-12-05T23:15,-5.4521750697433795,UNKNOWN
2023-12-05T23:16,-5.25217506974338,UNKNOWN
2023-12-05T23:17,-5.152175069743379,UNKNOWN
2023-12-05T23:18,-5.152175069743379,UNKNOWN
2023-12-05T23:19,-5.152175069743379,UNKNOWN
2023-12-05T23:20,-5.052175069743377,UNKNOWN
2023-12-05T23:21,-4.9521750697433795,UNKNOWN
2023-12-05T23:22,-4.4521750697433795,UNKNOWN
2023-12-05T23:23,-4.25217506974338,UNKNOWN
2023-12-05T23:24,-3.9521750697433795,UNKNOWN
2023-12-05T23:25,-3.75217506974338,UNKNOWN
2023-12-05T23:26,-3.4521750697433795,UNKNOWN
2023-12-05T23:27,-3.152175069743379,UNKNOWN
2023-12-05T23:28,-2.9521750697433795,UNKNOWN
2023-12-05T23:29,-2.652175069743379,UNKNOWN
2023-12-05T23:30,-2.4521750697433795,UNKNOWN
2023-12-05T23:31,-2.25217506974338,UNKNOWN
2023-12-05T23:32,-2.152175069743379,UNKNOWN
2023-12-05T23:33,-1.9521750697433795,UNKNOWN
2023-12-05T23:34,-1.6521750697433788,UNKNOWN
2023-12-05T23:35,-1.5521750697433774,UNKNOWN
2023-12-05T23:36,-1.352175069743378,UNKNOWN
2023-12-05T23:37,-1.2521750697433802,UNKNOWN
2023-12-05T23:38,-1.1521750697433788,UNKNOWN
2023-12-05T23:39,-1.0521750697433774,UNKNOWN
2023-12-05T23:40,-0.7521750697433802,UNKNOWN
2023-12-05T23:41,-0.35217506974338164,UNKNOWN
2023-12-05T23:42,-0.05217506974337738,UNKNOWN
2023-12-05T23:43,0.24782493025661978,UNKNOWN
2023-12-05T23:44,0.4478249302566226,UNKNOWN
2023-12-05T23:45,0.6478249302566184,UNKNOWN
2023-12-05T23:46,0.7478249302566198,UNKNOWN
2023-12-05T23:47,0.9478249302566226,UNKNOWN
2023-12-05T23:48,1.047824930256624,UNKNOWN
2023-12-05T23:49,1.1478249302566184,UNKNOWN
2023-12-05T23:50,1.1478249302566184,UNKNOWN
2023-12-05T23:51,1.2478249302566198,UNKNOWN
2023-12-05T23:52,1.3478249302566212,UNKNOWN
2023-12-05T23:53,1.4478249302566226,UNKNOWN
2023-12-05T23:54,1.4478249302566226,UNKNOWN
2023-12-05T23:55,1.547824930256624,UNKNOWN
2023-12-05T23:56,1.547824930256624,UNKNOWN
2023-12-05T23:57,1.6478249302566184,UNKNOWN
2023-12-05T23:58,1.6478249302566184,UNKNOWN
2023-12-05T23:59,1.6478249302566184,UNKNOWN