session_id,timestamp,valid_data,activation,scl_avg
640d9620-b776-11ee-8080-808080808080,1705742960,false,false,0.0
640d9620-b776-11ee-8080-808080808080,1705742960,false,false,0.0
640d9620-b776-11ee-8080-808080808080,1705742960,false,false,0.0
640d9620-b776-11ee-8080-808080808080,1705742960,false,false,0.0
640d9620-b776-11ee-8080-808080808080,1705742960,false,false,0.0
640d9620-b776-11ee-8080-808080808080,1705742965,false,false,0.0
640d9620-b776-11ee-8080-808080808080,1705742965,false,false,0.0
640d9620-b776-11ee-8080-808080808080,1705742965,false,false,0.0
640d9620-b776-11ee-8080-808080808080,1705742965,false,false,0.0
640d9620-b776-11ee-8080-808080808080,1705742965,false,false,0.0
640d9620-b776-11ee-8080-808080808080,1705742970,false,false,0.0
640d9620-b776-11ee-8080-808080808080,1705742970,false,false,0.0
640d9620-b776-11ee-8080-808080808080,1705742970,false,false,0.0
640d9620-b776-11ee-8080-808080808080,1705742970,false,false,0.0
640d9620-b776-11ee-8080-808080808080,1705742970,false,false,0.0
640d9620-b776-11ee-8080-808080808080,1705742975,false,false,0.0
640d9620-b776-11ee-8080-808080808080,1705742975,false,false,0.0
640d9620-b776-11ee-8080-808080808080,1705742975,false,false,0.0
640d9620-b776-11ee-8080-808080808080,1705742975,false,false,0.0
640d9620-b776-11ee-8080-808080808080,1705742975,false,false,31.409828186035156
640d9620-b776-11ee-8080-808080808080,1705742980,false,false,31.450836181640625
640d9620-b776-11ee-8080-808080808080,1705742980,true,false,31.539196014404297
640d9620-b776-11ee-8080-808080808080,1705742980,true,false,31.617141723632812
640d9620-b776-11ee-8080-808080808080,1705742980,true,false,31.727285385131836
640d9620-b776-11ee-8080-808080808080,1705742980,true,false,31.896068572998047
640d9620-b776-11ee-8080-808080808080,1705742985,true,false,32.12125015258789
640d9620-b776-11ee-8080-808080808080,1705742985,true,false,32.45351791381836
640d9620-b776-11ee-8080-808080808080,1705742985,true,true,32.773258209228516
640d9620-b776-11ee-8080-808080808080,1705742985,true,false,33.129119873046875
640d9620-b776-11ee-8080-808080808080,1705742985,true,false,33.50345230102539
640d9620-b776-11ee-8080-808080808080,1705742991,true,false,33.89656448364258
640d9620-b776-11ee-8080-808080808080,1705742991,true,false,34.43250274658203
640d9620-b776-11ee-8080-808080808080,1705742991,true,false,34.88614273071289
640d9620-b776-11ee-8080-808080808080,1705742991,true,false,34.90959548950195
640d9620-b776-11ee-8080-808080808080,1705742991,true,false,33.480224609375
640d9620-b776-11ee-8080-808080808080,1705742996,true,false,33.1889533996582
640d9620-b776-11ee-8080-808080808080,1705742996,true,false,33.019840240478516
640d9620-b776-11ee-8080-808080808080,1705742996,true,false,32.84821319580078
640d9620-b776-11ee-8080-808080808080,1705742996,true,false,32.67605209350586
640d9620-b776-11ee-8080-808080808080,1705742996,true,false,32.52254104614258
640d9620-b776-11ee-8080-808080808080,1705743001,true,true,32.37224578857422
640d9620-b776-11ee-8080-808080808080,1705743001,true,false,32.274749755859375
640d9620-b776-11ee-8080-808080808080,1705743001,true,false,32.19864273071289
640d9620-b776-11ee-8080-808080808080,1705743001,true,true,32.141685485839844
640d9620-b776-11ee-8080-808080808080,1705743001,true,false,32.08692169189453
640d9620-b776-11ee-8080-808080808080,1705743006,true,false,32.014129638671875
640d9620-b776-11ee-8080-808080808080,1705743006,true,false,31.95662498474121
640d9620-b776-11ee-8080-808080808080,1705743006,true,false,31.899478912353516
640d9620-b776-11ee-8080-808080808080,1705743006,true,false,31.83454704284668
640d9620-b776-11ee-8080-808080808080,1705743006,true,false,31.757612228393555
640d9620-b776-11ee-8080-808080808080,1705743011,true,false,31.643909454345703
640d9620-b776-11ee-8080-808080808080,1705743011,true,true,31.540815353393555
640d9620-b776-11ee-8080-808080808080,1705743011,true,false,31.448972702026367
640d9620-b776-11ee-8080-808080808080,1705743011,true,false,31.372182846069336
640d9620-b776-11ee-8080-808080808080,1705743011,true,false,31.275676727294922
640d9620-b776-11ee-8080-808080808080,1705743016,true,false,31.19704246520996
640d9620-b776-11ee-8080-808080808080,1705743016,true,false,31.129133224487305
640d9620-b776-11ee-8080-808080808080,1705743016,true,false,31.05776023864746
640d9620-b776-11ee-8080-808080808080,1705743016,true,true,30.984291076660156
640d9620-b776-11ee-8080-808080808080,1705743016,true,false,30.90305519104004
640d9620-b776-11ee-8080-808080808080,1705743021,true,false,30.844409942626953
640d9620-b776-11ee-8080-808080808080,1705743021,true,false,30.787755966186523
640d9620-b776-11ee-8080-808080808080,1705743021,true,false,30.730266571044922
640d9620-b776-11ee-8080-808080808080,1705743021,true,true,30.671323776245117
640d9620-b776-11ee-8080-808080808080,1705743021,true,false,30.604154586791992
640d9620-b776-11ee-8080-808080808080,1705743026,true,false,30.554218292236328
640d9620-b776-11ee-8080-808080808080,1705743026,true,false,30.504671096801758
640d9620-b776-11ee-8080-808080808080,1705743026,true,false,30.455812454223633
640d9620-b776-11ee-8080-808080808080,1705743026,true,false,30.40810203552246
640d9620-b776-11ee-8080-808080808080,1705743026,true,true,30.3519344329834
640d9620-b776-11ee-8080-808080808080,1705743031,true,false,30.311124801635742
640d9620-b776-11ee-8080-808080808080,1705743031,true,false,30.27191734313965
640d9620-b776-11ee-8080-808080808080,1705743031,true,false,30.232799530029297
640d9620-b776-11ee-8080-808080808080,1705743031,true,false,30.183446884155273
640d9620-b776-11ee-8080-808080808080,1705743031,true,false,30.14261245727539
640d9620-b776-11ee-8080-808080808080,1705743036,true,true,30.099864959716797
640d9620-b776-11ee-8080-808080808080,1705743036,true,false,30.056734085083008
640d9620-b776-11ee-8080-808080808080,1705743036,true,false,30.013397216796875
640d9620-b776-11ee-8080-808080808080,1705743036,true,false,29.956031799316406
640d9620-b776-11ee-8080-808080808080,1705743036,true,false,29.9063663482666
640d9620-b776-11ee-8080-808080808080,1705743041,true,true,29.853435516357422
640d9620-b776-11ee-8080-808080808080,1705743041,true,false,29.797992706298828
640d9620-b776-11ee-8080-808080808080,1705743041,true,false,29.74127769470215
640d9620-b776-11ee-8080-808080808080,1705743041,true,false,29.66598129272461
640d9620-b776-11ee-8080-808080808080,1705743041,true,false,29.601219177246094
640d9620-b776-11ee-8080-808080808080,1705743046,true,false,29.531482696533203
640d9620-b776-11ee-8080-808080808080,1705743046,true,true,29.4551944732666
640d9620-b776-11ee-8080-808080808080,1705743046,true,false,29.378149032592773
640d9620-b776-11ee-8080-808080808080,1705743046,true,false,29.289640426635742
640d9620-b776-11ee-8080-808080808080,1705743046,true,true,29.220613479614258
640d9620-b776-11ee-8080-808080808080,1705743051,true,false,29.149782180786133
640d9620-b776-11ee-8080-808080808080,1705743051,true,false,29.07764434814453
640d9620-b776-11ee-8080-808080808080,1705743051,true,true,29.00689697265625
640d9620-b776-11ee-8080-808080808080,1705743051,true,false,28.922332763671875
640d9620-b776-11ee-8080-808080808080,1705743051,true,false,28.85775375366211
640d9620-b776-11ee-8080-808080808080,1705743056,true,false,28.79646873474121
640d9620-b776-11ee-8080-808080808080,1705743056,true,true,28.737119674682617
640d9620-b776-11ee-8080-808080808080,1705743056,true,false,28.668006896972656
640d9620-b776-11ee-8080-808080808080,1705743056,true,false,28.61538314819336
640d9620-b776-11ee-8080-808080808080,1705743056,true,false,28.56569480895996
640d9620-b776-11ee-8080-808080808080,1705743061,true,false,28.51778221130371
640d9620-b776-11ee-8080-808080808080,1705743061,true,false,28.47077178955078
640d9620-b776-11ee-8080-808080808080,1705743061,true,false,28.414779663085938
640d9620-b776-11ee-8080-808080808080,1705743061,true,false,28.369884490966797
640d9620-b776-11ee-8080-808080808080,1705743061,true,false,28.32374382019043
640d9620-b776-11ee-8080-808080808080,1705743066,true,false,28.277685165405273
640d9620-b776-11ee-8080-808080808080,1705743066,true,false,28.231563568115234
640d9620-b776-11ee-8080-808080808080,1705743066,true,false,28.172815322875977
640d9620-b776-11ee-8080-808080808080,1705743066,true,false,28.126079559326172
640d9620-b776-11ee-8080-808080808080,1705743066,true,false,28.083215713500977
640d9620-b776-11ee-8080-808080808080,1705743071,true,false,28.042613983154297
640d9620-b776-11ee-8080-808080808080,1705743071,true,true,28.00235939025879
640d9620-b776-11ee-8080-808080808080,1705743071,true,false,27.950145721435547
640d9620-b776-11ee-8080-808080808080,1705743071,true,false,27.906625747680664
640d9620-b776-11ee-8080-808080808080,1705743071,true,false,27.857158660888672
640d9620-b776-11ee-8080-808080808080,1705743076,true,false,27.805110931396484
640d9620-b776-11ee-8080-808080808080,1705743076,true,false,27.73897361755371
640d9620-b776-11ee-8080-808080808080,1705743076,true,false,27.676773071289062
640d9620-b776-11ee-8080-808080808080,1705743076,true,false,27.615997314453125
640d9620-b776-11ee-8080-808080808080,1705743076,true,false,27.56992530822754
640d9620-b776-11ee-8080-808080808080,1705743081,true,false,27.54117774963379
640d9620-b776-11ee-8080-808080808080,1705743081,true,false,27.526615142822266
640d9620-b776-11ee-8080-808080808080,1705743081,true,false,27.52743148803711
640d9620-b776-11ee-8080-808080808080,1705743081,true,false,27.538461685180664
640d9620-b776-11ee-8080-808080808080,1705743081,true,true,27.55706024169922
640d9620-b776-11ee-8080-808080808080,1705743086,true,false,27.5821475982666
640d9620-b776-11ee-8080-808080808080,1705743086,true,false,27.62186050415039
640d9620-b776-11ee-8080-808080808080,1705743086,true,false,27.657243728637695
640d9620-b776-11ee-8080-808080808080,1705743086,true,false,27.694072723388672
640d9620-b776-11ee-8080-808080808080,1705743086,true,false,27.731782913208008
640d9620-b776-11ee-8080-808080808080,1705743092,true,false,27.767488479614258
640d9620-b776-11ee-8080-808080808080,1705743092,true,false,27.807096481323242
640d9620-b776-11ee-8080-808080808080,1705743092,true,false,27.832456588745117
640d9620-b776-11ee-8080-808080808080,1705743092,true,false,27.850540161132812
640d9620-b776-11ee-8080-808080808080,1705743092,true,false,27.862895965576172
640d9620-b776-11ee-8080-808080808080,1705743097,true,true,27.869525909423828
640d9620-b776-11ee-8080-808080808080,1705743097,true,false,27.856136322021484
640d9620-b776-11ee-8080-808080808080,1705743097,true,false,27.82326889038086
640d9620-b776-11ee-8080-808080808080,1705743097,true,false,27.78781509399414
640d9620-b776-11ee-8080-808080808080,1705743097,true,false,27.75059700012207
640d9620-b776-11ee-8080-808080808080,1705743102,true,false,27.697649002075195
640d9620-b776-11ee-8080-808080808080,1705743102,true,false,27.648969650268555
640d9620-b776-11ee-8080-808080808080,1705743102,true,false,27.584564208984375
640d9620-b776-11ee-8080-808080808080,1705743102,true,false,27.502460479736328
640d9620-b776-11ee-8080-808080808080,1705743102,true,false,27.424352645874023
640d9620-b776-11ee-8080-808080808080,1705743107,true,false,27.337867736816406
640d9620-b776-11ee-8080-808080808080,1705743107,true,false,27.269786834716797
640d9620-b776-11ee-8080-808080808080,1705743107,true,false,27.215917587280273
640d9620-b776-11ee-8080-808080808080,1705743107,true,false,27.192052841186523
640d9620-b776-11ee-8080-808080808080,1705743107,true,false,27.18743896484375
640d9620-b776-11ee-8080-808080808080,1705743112,true,false,27.194875717163086
640d9620-b776-11ee-8080-808080808080,1705743112,true,false,27.209123611450195
640d9620-b776-11ee-8080-808080808080,1705743112,true,false,27.230459213256836
640d9620-b776-11ee-8080-808080808080,1705743112,true,false,27.256038665771484
640d9620-b776-11ee-8080-808080808080,1705743112,true,true,27.29352378845215
640d9620-b776-11ee-8080-808080808080,1705743117,true,false,27.325889587402344
640d9620-b776-11ee-8080-808080808080,1705743117,true,false,27.35859489440918
640d9620-b776-11ee-8080-808080808080,1705743117,true,false,27.389015197753906
640d9620-b776-11ee-8080-808080808080,1705743117,true,false,27.414649963378906
640d9620-b776-11ee-8080-808080808080,1705743117,true,false,27.436159133911133
640d9620-b776-11ee-8080-808080808080,1705743122,true,true,27.443180084228516
640d9620-b776-11ee-8080-808080808080,1705743122,true,false,27.44100570678711
640d9620-b776-11ee-8080-808080808080,1705743122,true,false,27.428918838500977
640d9620-b776-11ee-8080-808080808080,1705743122,true,false,27.406578063964844
640d9620-b776-11ee-8080-808080808080,1705743122,true,true,27.363388061523438
640d9620-b776-11ee-8080-808080808080,1705743127,true,false,27.31265640258789
640d9620-b776-11ee-8080-808080808080,1705743127,true,false,27.253753662109375
640d9620-b776-11ee-8080-808080808080,1705743127,true,false,27.203907012939453
640d9620-b776-11ee-8080-808080808080,1705743127,true,false,27.140859603881836
640d9620-b776-11ee-8080-808080808080,1705743127,true,false,27.08111000061035
640d9620-b776-11ee-8080-808080808080,1705743132,true,false,27.012611389160156
640d9620-b776-11ee-8080-808080808080,1705743132,true,false,26.933340072631836
640d9620-b776-11ee-8080-808080808080,1705743132,true,false,26.85159683227539
640d9620-b776-11ee-8080-808080808080,1705743132,true,false,26.765411376953125
640d9620-b776-11ee-8080-808080808080,1705743132,true,false,26.69855308532715
640d9620-b776-11ee-8080-808080808080,1705743137,true,false,26.62972640991211
640d9620-b776-11ee-8080-808080808080,1705743137,true,false,26.566753387451172
640d9620-b776-11ee-8080-808080808080,1705743137,true,false,26.514333724975586
640d9620-b776-11ee-8080-808080808080,1705743137,true,false,26.456247329711914
640d9620-b776-11ee-8080-808080808080,1705743137,true,true,26.41069793701172
9c611130-95f4-11ee-8080-808080808080,1702058832,false,false,0.0
9c611130-95f4-11ee-8080-808080808080,1702058832,false,false,0.0
9c611130-95f4-11ee-8080-808080808080,1702058832,false,false,0.0
9c611130-95f4-11ee-8080-808080808080,1702058832,false,false,0.0
9c611130-95f4-11ee-8080-808080808080,1702058832,false,false,0.0
9c611130-95f4-11ee-8080-808080808080,1702058837,false,false,0.0
9c611130-95f4-11ee-8080-808080808080,1702058837,false,false,0.0
9c611130-95f4-11ee-8080-808080808080,1702058837,false,false,0.0
9c611130-95f4-11ee-8080-808080808080,1702058837,false,false,0.0
9c611130-95f4-11ee-8080-808080808080,1702058837,false,false,0.0
9c611130-95f4-11ee-8080-808080808080,1702058842,false,false,0.0
9c611130-95f4-11ee-8080-808080808080,1702058842,false,false,0.0
9c611130-95f4-11ee-8080-808080808080,1702058842,false,false,0.0
9c611130-95f4-11ee-8080-808080808080,1702058842,false,false,0.0
9c611130-95f4-11ee-8080-808080808080,1702058842,false,false,0.0
9c611130-95f4-11ee-8080-808080808080,1702058847,false,false,0.0
9c611130-95f4-11ee-8080-808080808080,1702058847,false,false,0.0
9c611130-95f4-11ee-8080-808080808080,1702058847,false,false,0.0
9c611130-95f4-11ee-8080-808080808080,1702058847,false,false,36.61943817138672
9c611130-95f4-11ee-8080-808080808080,1702058847,false,false,36.67593765258789
9c611130-95f4-11ee-8080-808080808080,1702058853,false,false,36.77326202392578
9c611130-95f4-11ee-8080-808080808080,1702058853,true,false,36.93321990966797
9c611130-95f4-11ee-8080-808080808080,1702058853,true,false,37.10274887084961
9c611130-95f4-11ee-8080-808080808080,1702058853,true,false,37.327903747558594
9c611130-95f4-11ee-8080-808080808080,1702058853,true,true,37.61211013793945
9c611130-95f4-11ee-8080-808080808080,1702058858,true,false,37.95944595336914
9c611130-95f4-11ee-8080-808080808080,1702058858,true,false,38.47687911987305
9c611130-95f4-11ee-8080-808080808080,1702058858,true,false,38.946815490722656
9c611130-95f4-11ee-8080-808080808080,1702058858,true,false,39.46527099609375
9c611130-95f4-11ee-8080-808080808080,1702058858,true,false,40.030609130859375
9c611130-95f4-11ee-8080-808080808080,1702058863,true,false,40.632503509521484
9c611130-95f4-11ee-8080-808080808080,1702058863,true,false,41.42961883544922
9c611130-95f4-11ee-8080-808080808080,1702058863,true,false,41.541900634765625
9c611130-95f4-11ee-8080-808080808080,1702058863,true,false,39.948760986328125
9c611130-95f4-11ee-8080-808080808080,1702058863,true,false,39.75290298461914
9c611130-95f4-11ee-8080-808080808080,1702058868,true,false,39.67490768432617
9c611130-95f4-11ee-8080-808080808080,1702058868,true,false,39.5992431640625
9c611130-95f4-11ee-8080-808080808080,1702058868,true,false,39.5566291809082
9c611130-95f4-11ee-8080-808080808080,1702058868,true,false,39.524147033691406
9c611130-95f4-11ee-8080-808080808080,1702058868,true,true,39.5057487487793
9c611130-95f4-11ee-8080-808080808080,1702058873,true,false,39.50111389160156
9c611130-95f4-11ee-8080-808080808080,1702058873,true,false,39.49891662597656
9c611130-95f4-11ee-8080-808080808080,1702058873,true,false,39.49153518676758
9c611130-95f4-11ee-8080-808080808080,1702058873,true,false,39.481910705566406
9c611130-95f4-11ee-8080-808080808080,1702058873,true,false,39.470115661621094
9c611130-95f4-11ee-8080-808080808080,1702058878,true,false,39.45100402832031
9c611130-95f4-11ee-8080-808080808080,1702058878,true,false,39.433773040771484
9c611130-95f4-11ee-8080-808080808080,1702058878,true,false,39.41365432739258
9c611130-95f4-11ee-8080-808080808080,1702058878,true,false,39.38401794433594
9c611130-95f4-11ee-8080-808080808080,1702058878,true,false,39.33595657348633
9c611130-95f4-11ee-8080-808080808080,1702058883,true,false,39.28112030029297
9c611130-95f4-11ee-8080-808080808080,1702058883,true,true,39.255191802978516
9c611130-95f4-11ee-8080-808080808080,1702058883,true,false,39.25040817260742
9c611130-95f4-11ee-8080-808080808080,1702058883,true,false,39.251556396484375
9c611130-95f4-11ee-8080-808080808080,1702058883,true,false,39.253501892089844
9c611130-95f4-11ee-8080-808080808080,1702058888,true,false,39.25703430175781
9c611130-95f4-11ee-8080-808080808080,1702058888,true,false,39.25929641723633
9c611130-95f4-11ee-8080-808080808080,1702058888,true,false,39.26064682006836
9c611130-95f4-11ee-8080-808080808080,1702058888,true,false,39.2593994140625
9c611130-95f4-11ee-8080-808080808080,1702058888,true,false,39.25769805908203
9c611130-95f4-11ee-8080-808080808080,1702058893,true,false,39.25260925292969
9c611130-95f4-11ee-8080-808080808080,1702058893,true,false,39.239803314208984
9c611130-95f4-11ee-8080-808080808080,1702058893,true,false,39.22160339355469
9c611130-95f4-11ee-8080-808080808080,1702058893,true,false,39.21116256713867
9c611130-95f4-11ee-8080-808080808080,1702058893,true,false,39.20973587036133
9c611130-95f4-11ee-8080-808080808080,1702058898,true,false,39.20866012573242
9c611130-95f4-11ee-8080-808080808080,1702058898,true,true,39.20579147338867
9c611130-95f4-11ee-8080-808080808080,1702058898,true,false,39.200809478759766
9c611130-95f4-11ee-8080-808080808080,1702058898,true,false,39.19675827026367
9c611130-95f4-11ee-8080-808080808080,1702058898,true,false,39.18752670288086
9c611130-95f4-11ee-8080-808080808080,1702058903,true,false,39.17660903930664
9c611130-95f4-11ee-8080-808080808080,1702058903,true,false,39.156959533691406
9c611130-95f4-11ee-8080-808080808080,1702058903,true,false,39.130577087402344
9c611130-95f4-11ee-8080-808080808080,1702058903,true,false,39.1027717590332
9c611130-95f4-11ee-8080-808080808080,1702058903,true,false,39.06134033203125
9c611130-95f4-11ee-8080-808080808080,1702058908,true,false,39.028934478759766
9c611130-95f4-11ee-8080-808080808080,1702058908,true,false,39.00474166870117
9c611130-95f4-11ee-8080-808080808080,1702058908,true,false,38.98136520385742
9c611130-95f4-11ee-8080-808080808080,1702058908,true,false,38.962928771972656
9c611130-95f4-11ee-8080-808080808080,1702058908,true,false,38.98131561279297
9c611130-95f4-11ee-8080-808080808080,1702058913,true,true,39.016300201416016
9c611130-95f4-11ee-8080-808080808080,1702058913,true,false,39.05567932128906
9c611130-95f4-11ee-8080-808080808080,1702058913,true,false,39.100311279296875
9c611130-95f4-11ee-8080-808080808080,1702058913,true,false,39.15647506713867
9c611130-95f4-11ee-8080-808080808080,1702058913,true,false,39.2001953125
9c611130-95f4-11ee-8080-808080808080,1702058918,true,false,39.234554290771484
9c611130-95f4-11ee-8080-808080808080,1702058918,true,false,39.266788482666016
9c611130-95f4-11ee-8080-808080808080,1702058918,true,false,39.30025100708008
9c611130-95f4-11ee-8080-808080808080,1702058918,true,false,39.338035583496094
9c611130-95f4-11ee-8080-808080808080,1702058918,true,false,39.36258316040039
9c611130-95f4-11ee-8080-808080808080,1702058923,true,false,39.3795051574707
9c611130-95f4-11ee-8080-808080808080,1702058923,true,false,39.391841888427734
9c611130-95f4-11ee-8080-808080808080,1702058923,true,true,39.39786148071289
9c611130-95f4-11ee-8080-808080808080,1702058923,true,false,39.39957809448242
9c611130-95f4-11ee-8080-808080808080,1702058923,true,false,39.3953742980957
9c611130-95f4-11ee-8080-808080808080,1702058928,true,true,39.384300231933594
9c611130-95f4-11ee-8080-808080808080,1702058928,true,false,39.365997314453125
9c611130-95f4-11ee-8080-808080808080,1702058928,true,false,39.33712387084961
9c611130-95f4-11ee-8080-808080808080,1702058928,true,false,39.30439758300781
9c611130-95f4-11ee-8080-808080808080,1702058928,true,false,39.25749969482422
9c611130-95f4-11ee-8080-808080808080,1702058933,true,false,39.2031135559082
9c611130-95f4-11ee-8080-808080808080,1702058933,true,false,39.14743423461914
9c611130-95f4-11ee-8080-808080808080,1702058933,true,false,39.08607482910156
9c611130-95f4-11ee-8080-808080808080,1702058933,true,true,39.03831481933594
9c611130-95f4-11ee-8080-808080808080,1702058933,true,false,38.98983383178711
9c611130-95f4-11ee-8080-808080808080,1702058938,true,false,38.9536247253418
9c611130-95f4-11ee-8080-808080808080,1702058938,true,false,38.91682434082031
9c611130-95f4-11ee-8080-808080808080,1702058938,true,false,38.89993667602539
9c611130-95f4-11ee-8080-808080808080,1702058938,true,false,38.9116096496582
9c611130-95f4-11ee-8080-808080808080,1702058938,true,false,38.93266296386719
9c611130-95f4-11ee-8080-808080808080,1702058943,true,true,38.96027755737305
9c611130-95f4-11ee-8080-808080808080,1702058943,true,false,38.989681243896484
9c611130-95f4-11ee-8080-808080808080,1702058943,true,false,39.01670837402344
9c611130-95f4-11ee-8080-808080808080,1702058943,true,false,39.04204177856445
9c611130-95f4-11ee-8080-808080808080,1702058943,true,false,39.08633804321289
9c611130-95f4-11ee-8080-808080808080,1702058948,true,false,39.14433288574219
9c611130-95f4-11ee-8080-808080808080,1702058948,true,true,39.23896026611328
9c611130-95f4-11ee-8080-808080808080,1702058948,true,false,39.32229995727539
9c611130-95f4-11ee-8080-808080808080,1702058948,true,false,39.40848922729492
9c611130-95f4-11ee-8080-808080808080,1702058948,true,false,39.48070526123047
c99432c0-943e-11ee-8080-808080808080,1701870788,false,false,0.0
c99432c0-943e-11ee-8080-808080808080,1701870788,false,false,0.0
c99432c0-943e-11ee-8080-808080808080,1701870788,false,false,0.0
c99432c0-943e-11ee-8080-808080808080,1701870788,false,false,0.0
c99432c0-943e-11ee-8080-808080808080,1701870788,false,false,0.0
c99432c0-943e-11ee-8080-808080808080,1701870793,false,false,0.0
c99432c0-943e-11ee-8080-808080808080,1701870793,false,false,0.0
c99432c0-943e-11ee-8080-808080808080,1701870793,false,false,0.0
c99432c0-943e-11ee-8080-808080808080,1701870793,false,false,0.0
c99432c0-943e-11ee-8080-808080808080,1701870793,false,false,0.0
c99432c0-943e-11ee-8080-808080808080,1701870798,false,false,0.0
c99432c0-943e-11ee-8080-808080808080,1701870798,false,false,0.0
c99432c0-943e-11ee-8080-808080808080,1701870798,false,false,0.0
c99432c0-943e-11ee-8080-808080808080,1701870798,false,false,0.0
c99432c0-943e-11ee-8080-808080808080,1701870798,false,false,0.0
c99432c0-943e-11ee-8080-808080808080,1701870803,false,false,0.0
c99432c0-943e-11ee-8080-808080808080,1701870803,false,false,0.0
c99432c0-943e-11ee-8080-808080808080,1701870803,false,false,25.20703887939453
c99432c0-943e-11ee-8080-808080808080,1701870803,false,false,25.225210189819336
c99432c0-943e-11ee-8080-808080808080,1701870803,false,false,25.2607479095459
c99432c0-943e-11ee-8080-808080808080,1701870808,true,false,25.31057357788086
c99432c0-943e-11ee-8080-808080808080,1701870808,true,false,25.396404266357422
c99432c0-943e-11ee-8080-808080808080,1701870808,true,false,25.496070861816406
c99432c0-943e-11ee-8080-808080808080,1701870808,true,false,25.624704360961914
c99432c0-943e-11ee-8080-808080808080,1701870808,true,true,25.78280258178711
c99432c0-943e-11ee-8080-808080808080,1701870813,true,false,25.975921630859375
c99432c0-943e-11ee-8080-808080808080,1701870813,true,false,26.29070281982422
c99432c0-943e-11ee-8080-808080808080,1701870813,true,false,26.6027889251709
c99432c0-943e-11ee-8080-808080808080,1701870813,true,false,26.94536590576172
c99432c0-943e-11ee-8080-808080808080,1701870813,true,false,27.3016300201416
c99432c0-943e-11ee-8080-808080808080,1701870818,true,false,27.686607360839844
c99432c0-943e-11ee-8080-808080808080,1701870818,true,false,28.111770629882812
c99432c0-943e-11ee-8080-808080808080,1701870818,true,false,27.23203468322754
c99432c0-943e-11ee-8080-808080808080,1701870818,true,false,26.994625091552734
c99432c0-943e-11ee-8080-808080808080,1701870818,true,false,26.973718643188477
c99432c0-943e-11ee-8080-808080808080,1701870823,true,false,26.971050262451172
c99432c0-943e-11ee-8080-808080808080,1701870823,true,false,26.98496437072754
c99432c0-943e-11ee-8080-808080808080,1701870823,true,false,27.02651596069336
c99432c0-943e-11ee-8080-808080808080,1701870823,true,true,27.076112747192383
c99432c0-943e-11ee-8080-808080808080,1701870823,true,false,27.12125015258789
c99432c0-943e-11ee-8080-808080808080,1701870828,true,false,27.190093994140625
c99432c0-943e-11ee-8080-808080808080,1701870828,true,false,27.254751205444336
c99432c0-943e-11ee-8080-808080808080,1701870828,true,false,27.327674865722656
c99432c0-943e-11ee-8080-808080808080,1701870828,true,true,27.397785186767578
c99432c0-943e-11ee-8080-808080808080,1701870828,true,false,27.470794677734375
c99432c0-943e-11ee-8080-808080808080,1701870833,true,false,27.574302673339844
c99432c0-943e-11ee-8080-808080808080,1701870833,true,false,27.66356086730957
c99432c0-943e-11ee-8080-808080808080,1701870833,true,false,27.754451751708984
c99432c0-943e-11ee-8080-808080808080,1701870833,true,false,27.847705841064453
c99432c0-943e-11ee-8080-808080808080,1701870833,true,false,27.942380905151367
c99432c0-943e-11ee-8080-808080808080,1701870839,true,false,28.062705993652344
c99432c0-943e-11ee-8080-808080808080,1701870839,true,false,28.156864166259766
c99432c0-943e-11ee-8080-808080808080,1701870839,true,false,28.22687339782715
c99432c0-943e-11ee-8080-808080808080,1701870839,true,false,28.272235870361328
c99432c0-943e-11ee-8080-808080808080,1701870839,true,false,28.325315475463867
c99432c0-943e-11ee-8080-808080808080,1701870844,true,false,28.41487693786621
c99432c0-943e-11ee-8080-808080808080,1701870844,true,true,28.507036209106445
c99432c0-943e-11ee-8080-808080808080,1701870844,true,false,28.618528366088867
c99432c0-943e-11ee-8080-808080808080,1701870844,true,false,28.744335174560547
c99432c0-943e-11ee-8080-808080808080,1701870844,true,false,28.903532028198242
c99432c0-943e-11ee-8080-808080808080,1701870849,true,false,29.02547264099121
c99432c0-943e-11ee-8080-808080808080,1701870849,true,false,29.136756896972656
c99432c0-943e-11ee-8080-808080808080,1701870849,true,false,29.235828399658203
c99432c0-943e-11ee-8080-808080808080,1701870849,true,false,29.32699966430664
c99432c0-943e-11ee-8080-808080808080,1701870849,true,false,29.430858612060547
c99432c0-943e-11ee-8080-808080808080,1701870854,true,false,29.5080509185791
c99432c0-943e-11ee-8080-808080808080,1701870854,true,false,29.584699630737305
c99432c0-943e-11ee-8080-808080808080,1701870854,true,false,29.664379119873047
c99432c0-943e-11ee-8080-808080808080,1701870854,true,false,29.749929428100586
c99432c0-943e-11ee-8080-808080808080,1701870854,true,false,29.863849639892578
c99432c0-943e-11ee-8080-808080808080,1701870859,true,false,29.952884674072266
c99432c0-943e-11ee-8080-808080808080,1701870859,true,true,30.03959083557129
c99432c0-943e-11ee-8080-808080808080,1701870859,true,false,30.123079299926758
c99432c0-943e-11ee-8080-808080808080,1701870859,true,false,30.19645118713379
c99432c0-943e-11ee-8080-808080808080,1701870859,true,false,30.272632598876953
c99432c0-943e-11ee-8080-808080808080,1701870864,true,false,30.32040023803711
c99432c0-943e-11ee-8080-808080808080,1701870864,true,false,30.35398292541504
c99432c0-943e-11ee-8080-808080808080,1701870864,true,false,30.372833251953125
c99432c0-943e-11ee-8080-808080808080,1701870864,true,false,30.38215446472168
c99432c0-943e-11ee-8080-808080808080,1701870864,true,false,30.384925842285156
c99432c0-943e-11ee-8080-808080808080,1701870869,true,true,30.376094818115234
c99432c0-943e-11ee-8080-808080808080,1701870869,true,false,30.358434677124023
c99432c0-943e-11ee-8080-808080808080,1701870869,true,false,30.348011016845703
c99432c0-943e-11ee-8080-808080808080,1701870869,true,false,30.388626098632812
c99432c0-943e-11ee-8080-808080808080,1701870869,true,false,30.44120979309082
c99432c0-943e-11ee-8080-808080808080,1701870874,true,true,30.499826431274414
c99432c0-943e-11ee-8080-808080808080,1701870874,true,false,30.560115814208984
c99432c0-943e-11ee-8080-808080808080,1701870874,true,false,30.616662979125977
c99432c0-943e-11ee-8080-808080808080,1701870874,true,false,30.673818588256836
c99432c0-943e-11ee-8080-808080808080,1701870874,true,false,30.711029052734375
c99432c0-943e-11ee-8080-808080808080,1701870879,true,false,30.74394416809082
c99432c0-943e-11ee-8080-808080808080,1701870879,true,false,30.77665901184082
c99432c0-943e-11ee-8080-808080808080,1701870879,true,false,30.815420150756836
c99432c0-943e-11ee-8080-808080808080,1701870879,true,false,30.86727523803711
c99432c0-943e-11ee-8080-808080808080,1701870879,true,false,30.910276412963867
c99432c0-943e-11ee-8080-808080808080,1701870884,true,true,30.949329376220703
c99432c0-943e-11ee-8080-808080808080,1701870884,true,false,30.975831985473633
c99432c0-943e-11ee-8080-808080808080,1701870884,true,false,30.994049072265625
c99432c0-943e-11ee-8080-808080808080,1701870884,true,false,31.01389503479004
c99432c0-943e-11ee-8080-808080808080,1701870884,true,false,31.03061866760254
c99432c0-943e-11ee-8080-808080808080,1701870889,true,false,31.048704147338867
c99432c0-943e-11ee-8080-808080808080,1701870889,true,false,31.06695556640625
c99432c0-943e-11ee-8080-808080808080,1701870889,true,false,31.08371925354004
c99432c0-943e-11ee-8080-808080808080,1701870889,true,false,31.09620475769043
c99432c0-943e-11ee-8080-808080808080,1701870889,true,true,31.110383987426758
c99432c0-943e-11ee-8080-808080808080,1701870894,true,false,31.12713623046875
c99432c0-943e-11ee-8080-808080808080,1701870894,true,false,31.145227432250977
c99432c0-943e-11ee-8080-808080808080,1701870894,true,false,31.17568588256836
c99432c0-943e-11ee-8080-808080808080,1701870894,true,true,31.205278396606445
c99432c0-943e-11ee-8080-808080808080,1701870894,true,false,31.231508255004883
c99432c0-943e-11ee-8080-808080808080,1701870899,true,false,31.25826644897461
c99432c0-943e-11ee-8080-808080808080,1701870899,true,false,31.287818908691406
c99432c0-943e-11ee-8080-808080808080,1701870899,true,false,31.3197078704834
c99432c0-943e-11ee-8080-808080808080,1701870899,true,false,31.339338302612305
c99432c0-943e-11ee-8080-808080808080,1701870899,true,false,31.35260581970215
c99432c0-943e-11ee-8080-808080808080,1701870904,true,false,31.35545539855957
c99432c0-943e-11ee-8080-808080808080,1701870904,true,false,31.353483200073242
c99432c0-943e-11ee-8080-808080808080,1701870904,true,true,31.344898223876953
c99432c0-943e-11ee-8080-808080808080,1701870904,true,false,31.332914352416992
c99432c0-943e-11ee-8080-808080808080,1701870904,true,false,31.317012786865234
f4650650-9204-11ee-8080-808080808080,1701626047,false,false,0.0
f4650650-9204-11ee-8080-808080808080,1701626047,false,false,0.0
f4650650-9204-11ee-8080-808080808080,1701626047,false,false,0.0
f4650650-9204-11ee-8080-808080808080,1701626047,false,false,0.0
f4650650-9204-11ee-8080-808080808080,1701626047,false,false,0.0
f4650650-9204-11ee-8080-808080808080,1701626053,false,false,0.0
f4650650-9204-11ee-8080-808080808080,1701626053,false,false,0.0
f4650650-9204-11ee-8080-808080808080,1701626053,false,false,0.0
f4650650-9204-11ee-8080-808080808080,1701626053,false,false,0.0
f4650650-9204-11ee-8080-808080808080,1701626053,false,false,0.0
f4650650-9204-11ee-8080-808080808080,1701626058,false,false,0.0
f4650650-9204-11ee-8080-808080808080,1701626058,false,false,0.0
f4650650-9204-11ee-8080-808080808080,1701626058,false,false,0.0
f4650650-9204-11ee-8080-808080808080,1701626058,false,false,0.0
f4650650-9204-11ee-8080-808080808080,1701626058,false,false,0.0
f4650650-9204-11ee-8080-808080808080,1701626063,false,false,0.0
f4650650-9204-11ee-8080-808080808080,1701626063,false,false,0.0
f4650650-9204-11ee-8080-808080808080,1701626063,false,false,9.486379623413086
f4650650-9204-11ee-8080-808080808080,1701626063,false,false,9.510366439819336
f4650650-9204-11ee-8080-808080808080,1701626063,false,false,9.54505729675293
f4650650-9204-11ee-8080-808080808080,1701626068,true,false,9.593019485473633
f4650650-9204-11ee-8080-808080808080,1701626068,true,false,9.682462692260742
f4650650-9204-11ee-8080-808080808080,1701626068,true,true,9.79457950592041
f4650650-9204-11ee-8080-808080808080,1701626068,true,false,9.92032241821289
f4650650-9204-11ee-8080-808080808080,1701626068,true,true,10.062952995300293
f4650650-9204-11ee-8080-808080808080,1701626073,true,false,10.229547500610352
f4650650-9204-11ee-8080-808080808080,1701626073,true,false,10.465785026550293
f4650650-9204-11ee-8080-808080808080,1701626073,true,false,10.677191734313965
f4650650-9204-11ee-8080-808080808080,1701626073,true,false,10.894852638244629
f4650650-9204-11ee-8080-808080808080,1701626073,true,false,11.129371643066406
f4650650-9204-11ee-8080-808080808080,1701626078,true,false,11.369318962097168
f4650650-9204-11ee-8080-808080808080,1701626078,true,false,11.53894329071045
f4650650-9204-11ee-8080-808080808080,1701626078,true,false,11.203044891357422
f4650650-9204-11ee-8080-808080808080,1701626078,true,false,11.001433372497559
f4650650-9204-11ee-8080-808080808080,1701626078,true,false,10.973331451416016
f4650650-9204-11ee-8080-808080808080,1701626083,true,false,10.968247413635254
f4650650-9204-11ee-8080-808080808080,1701626083,true,false,10.952476501464844
f4650650-9204-11ee-8080-808080808080,1701626083,true,false,10.950987815856934
f4650650-9204-11ee-8080-808080808080,1701626083,true,true,10.95409107208252
f4650650-9204-11ee-8080-808080808080,1701626083,true,false,10.952250480651855
f4650650-9204-11ee-8080-808080808080,1701626088,true,false,10.945920944213867
f4650650-9204-11ee-8080-808080808080,1701626088,true,true,10.939830780029297
f4650650-9204-11ee-8080-808080808080,1701626088,true,false,10.934985160827637
f4650650-9204-11ee-8080-808080808080,1701626088,true,false,10.925999641418457
f4650650-9204-11ee-8080-808080808080,1701626088,true,false,10.908048629760742
f4650650-9204-11ee-8080-808080808080,1701626093,true,true,10.882346153259277
f4650650-9204-11ee-8080-808080808080,1701626093,true,false,10.861095428466797
f4650650-9204-11ee-8080-808080808080,1701626093,true,false,10.83956241607666
f4650650-9204-11ee-8080-808080808080,1701626093,true,false,10.809588432312012
f4650650-9204-11ee-8080-808080808080,1701626093,true,false,10.773149490356445
f4650650-9204-11ee-8080-808080808080,1701626098,true,true,10.744155883789062
f4650650-9204-11ee-8080-808080808080,1701626098,true,false,10.71530818939209
f4650650-9204-11ee-8080-808080808080,1701626098,true,false,10.679410934448242
f4650650-9204-11ee-8080-808080808080,1701626098,true,false,10.642369270324707
f4650650-9204-11ee-8080-808080808080,1701626098,true,false,10.600177764892578
f4650650-9204-11ee-8080-808080808080,1701626103,true,false,10.561820030212402
f4650650-9204-11ee-8080-808080808080,1701626103,true,false,10.524958610534668
f4650650-9204-11ee-8080-808080808080,1701626103,true,false,10.490350723266602
f4650650-9204-11ee-8080-808080808080,1701626103,true,false,10.456991195678711
f4650650-9204-11ee-8080-808080808080,1701626103,true,false,10.415143966674805
f4650650-9204-11ee-8080-808080808080,1701626108,true,false,10.382911682128906
f4650650-9204-11ee-8080-808080808080,1701626108,true,true,10.353469848632812
f4650650-9204-11ee-8080-808080808080,1701626108,true,false,10.329869270324707
f4650650-9204-11ee-8080-808080808080,1701626108,true,false,10.309722900390625
f4650650-9204-11ee-8080-808080808080,1701626108,true,true,10.2769193649292
f4650650-9204-11ee-8080-808080808080,1701626113,true,false,10.250707626342773
f4650650-9204-11ee-8080-808080808080,1701626113,true,false,10.224221229553223
f4650650-9204-11ee-8080-808080808080,1701626113,true,false,10.197598457336426
f4650650-9204-11ee-8080-808080808080,1701626113,true,true,10.160512924194336
f4650650-9204-11ee-8080-808080808080,1701626113,true,false,10.132318496704102
f4650650-9204-11ee-8080-808080808080,1701626118,true,false,10.106389045715332
f4650650-9204-11ee-8080-808080808080,1701626118,true,false,10.08159351348877
f4650650-9204-11ee-8080-808080808080,1701626118,true,true,10.05950927734375
f4650650-9204-11ee-8080-808080808080,1701626118,true,false,10.033716201782227
f4650650-9204-11ee-8080-808080808080,1701626118,true,false,10.013896942138672
f4650650-9204-11ee-8080-808080808080,1701626123,true,false,9.994879722595215
f4650650-9204-11ee-8080-808080808080,1701626123,true,false,9.975614547729492
f4650650-9204-11ee-8080-808080808080,1701626123,true,true,9.959490776062012
f4650650-9204-11ee-8080-808080808080,1701626123,true,false,9.939949989318848
f4650650-9204-11ee-8080-808080808080,1701626123,true,false,9.921608924865723
f4650650-9204-11ee-8080-808080808080,1701626128,true,false,9.904687881469727
f4650650-9204-11ee-8080-808080808080,1701626128,true,false,9.892121315002441
f4650650-9204-11ee-8080-808080808080,1701626128,true,true,9.880638122558594
f4650650-9204-11ee-8080-808080808080,1701626128,true,false,9.864225387573242
f4650650-9204-11ee-8080-808080808080,1701626128,true,false,9.84981918334961
f4650650-9204-11ee-8080-808080808080,1701626133,true,true,9.838637351989746
f4650650-9204-11ee-8080-808080808080,1701626133,true,false,9.8285493850708
f4650650-9204-11ee-8080-808080808080,1701626133,true,false,9.816984176635742
f4650650-9204-11ee-8080-808080808080,1701626133,true,true,9.810220718383789
f4650650-9204-11ee-8080-808080808080,1701626133,true,false,9.804509162902832
f4650650-9204-11ee-8080-808080808080,1701626138,true,false,9.798689842224121
f4650650-9204-11ee-8080-808080808080,1701626138,true,true,9.793966293334961
f4650650-9204-11ee-8080-808080808080,1701626138,true,false,9.784695625305176
f4650650-9204-11ee-8080-808080808080,1701626138,true,true,9.774557113647461
f4650650-9204-11ee-8080-808080808080,1701626138,true,false,9.76570987701416
f4650650-9204-11ee-8080-808080808080,1701626143,true,false,9.75892162322998
f4650650-9204-11ee-8080-808080808080,1701626143,true,false,9.752477645874023
f4650650-9204-11ee-8080-808080808080,1701626143,true,true,9.746050834655762
f4650650-9204-11ee-8080-808080808080,1701626143,true,false,9.744224548339844
f4650650-9204-11ee-8080-808080808080,1701626143,true,false,9.741376876831055
f4650650-9204-11ee-8080-808080808080,1701626148,true,false,9.738476753234863
f4650650-9204-11ee-8080-808080808080,1701626148,true,false,9.738338470458984
f4650650-9204-11ee-8080-808080808080,1701626148,true,true,9.737499237060547
f4650650-9204-11ee-8080-808080808080,1701626148,true,false,9.736620903015137
f4650650-9204-11ee-8080-808080808080,1701626148,true,false,9.738019943237305
f4650650-9204-11ee-8080-808080808080,1701626154,true,false,9.740447998046875
f4650650-9204-11ee-8080-808080808080,1701626154,true,false,9.744053840637207
f4650650-9204-11ee-8080-808080808080,1701626154,true,true,9.746803283691406
f4650650-9204-11ee-8080-808080808080,1701626154,true,false,9.751240730285645
f4650650-9204-11ee-8080-808080808080,1701626154,true,false,9.756855964660645
f4650650-9204-11ee-8080-808080808080,1701626159,true,false,9.76363468170166
f4650650-9204-11ee-8080-808080808080,1701626159,true,true,9.773285865783691
f4650650-9204-11ee-8080-808080808080,1701626159,true,false,9.778820991516113
f4650650-9204-11ee-8080-808080808080,1701626159,true,false,9.784078598022461
f4650650-9204-11ee-8080-808080808080,1701626159,true,true,9.791357040405273
f4650650-9204-11ee-8080-808080808080,1701626164,true,false,9.798824310302734
f4650650-9204-11ee-8080-808080808080,1701626164,true,false,9.803689002990723
f4650650-9204-11ee-8080-808080808080,1701626164,true,true,9.806500434875488
f4650650-9204-11ee-8080-808080808080,1701626164,true,false,9.807977676391602
f4650650-9204-11ee-8080-808080808080,1701626164,true,false,9.807211875915527
5310d840-908f-11ee-8080-808080808080,1701465574,false,false,0.0
5310d840-908f-11ee-8080-808080808080,1701465574,false,false,0.0
5310d840-908f-11ee-8080-808080808080,1701465574,false,false,0.0
5310d840-908f-11ee-8080-808080808080,1701465574,false,false,0.0
5310d840-908f-11ee-8080-808080808080,1701465574,false,false,0.0
5310d840-908f-11ee-8080-808080808080,1701465579,false,false,0.0
5310d840-908f-11ee-8080-808080808080,1701465579,false,false,0.0
5310d840-908f-11ee-8080-808080808080,1701465579,false,false,0.0
5310d840-908f-11ee-8080-808080808080,1701465579,false,false,0.0
5310d840-908f-11ee-8080-808080808080,1701465579,false,false,0.0
5310d840-908f-11ee-8080-808080808080,1701465584,false,false,0.0
5310d840-908f-11ee-8080-808080808080,1701465584,false,false,0.0
5310d840-908f-11ee-8080-808080808080,1701465584,false,false,0.0
5310d840-908f-11ee-8080-808080808080,1701465584,false,false,0.0
5310d840-908f-11ee-8080-808080808080,1701465584,false,false,0.0
5310d840-908f-11ee-8080-808080808080,1701465590,false,false,0.0
5310d840-908f-11ee-8080-808080808080,1701465590,false,false,0.0
5310d840-908f-11ee-8080-808080808080,1701465590,false,false,0.0
5310d840-908f-11ee-8080-808080808080,1701465590,false,false,11.855193138122559
5310d840-908f-11ee-8080-808080808080,1701465590,false,false,11.884737968444824
5310d840-908f-11ee-8080-808080808080,1701465595,false,false,11.981191635131836
5310d840-908f-11ee-8080-808080808080,1701465595,true,false,12.100872039794922
5310d840-908f-11ee-8080-808080808080,1701465595,true,false,12.258145332336426
5310d840-908f-11ee-8080-808080808080,1701465595,true,true,12.451090812683105
5310d840-908f-11ee-8080-808080808080,1701465595,true,false,12.678353309631348
5310d840-908f-11ee-8080-808080808080,1701465600,true,false,13.007722854614258
5310d840-908f-11ee-8080-808080808080,1701465600,true,false,13.304827690124512
5310d840-908f-11ee-8080-808080808080,1701465600,true,false,13.630603790283203
5310d840-908f-11ee-8080-808080808080,1701465600,true,false,13.983025550842285
5310d840-908f-11ee-8080-808080808080,1701465600,true,false,14.452255249023438
5310d840-908f-11ee-8080-808080808080,1701465605,true,false,14.84830379486084
5310d840-908f-11ee-8080-808080808080,1701465605,true,false,15.259346961975098
5310d840-908f-11ee-8080-808080808080,1701465605,true,false,15.57652473449707
5310d840-908f-11ee-8080-808080808080,1701465605,true,false,15.365728378295898
5310d840-908f-11ee-8080-808080808080,1701465605,true,false,15.076919555664062
5310d840-908f-11ee-8080-808080808080,1701465610,true,false,15.141669273376465
5310d840-908f-11ee-8080-808080808080,1701465610,true,false,15.217634201049805
5310d840-908f-11ee-8080-808080808080,1701465610,true,true,15.287703514099121
5310d840-908f-11ee-8080-808080808080,1701465610,true,false,15.356717109680176
5310d840-908f-11ee-8080-808080808080,1701465610,true,false,15.439757347106934
5310d840-908f-11ee-8080-808080808080,1701465615,true,true,15.500006675720215
5310d840-908f-11ee-8080-808080808080,1701465615,true,false,15.555412292480469
5310d840-908f-11ee-8080-808080808080,1701465615,true,true,15.608330726623535
5310d840-908f-11ee-8080-808080808080,1701465615,true,false,15.659322738647461
5310d840-908f-11ee-8080-808080808080,1701465615,true,false,15.720356941223145
5310d840-908f-11ee-8080-808080808080,1701465620,true,false,15.766670227050781
5310d840-908f-11ee-8080-808080808080,1701465620,true,false,15.81222915649414
5310d840-908f-11ee-8080-808080808080,1701465620,true,false,15.85748291015625
5310d840-908f-11ee-8080-808080808080,1701465620,true,false,15.91187572479248
5310d840-908f-11ee-8080-808080808080,1701465620,true,false,15.954724311828613
5310d840-908f-11ee-8080-808080808080,1701465625,true,true,15.992332458496094
5310d840-908f-11ee-8080-808080808080,1701465625,true,false,16.028514862060547
5310d840-908f-11ee-8080-808080808080,1701465625,true,false,16.067331314086914
5310d840-908f-11ee-8080-808080808080,1701465625,true,true,16.14061164855957
5310d840-908f-11ee-8080-808080808080,1701465625,true,false,16.214523315429688
5310d840-908f-11ee-8080-808080808080,1701465630,true,false,16.275564193725586
5310d840-908f-11ee-8080-808080808080,1701465630,true,false,16.3251953125
5310d840-908f-11ee-8080-808080808080,1701465630,true,false,16.361631393432617
5310d840-908f-11ee-8080-808080808080,1701465630,true,true,16.388463973999023
5310d840-908f-11ee-8080-808080808080,1701465630,true,false,16.398101806640625
5310d840-908f-11ee-8080-808080808080,1701465635,true,false,16.39645767211914
5310d840-908f-11ee-8080-808080808080,1701465635,true,false,16.38471221923828
5310d840-908f-11ee-8080-808080808080,1701465635,true,false,16.36484146118164
5310d840-908f-11ee-8080-808080808080,1701465635,true,false,16.329282760620117
5310d840-908f-11ee-8080-808080808080,1701465635,true,false,16.292245864868164
5310d840-908f-11ee-8080-808080808080,1701465640,true,false,16.246517181396484
5310d840-908f-11ee-8080-808080808080,1701465640,true,false,16.1887149810791
5310d840-908f-11ee-8080-808080808080,1701465640,true,false,16.094318389892578
5310d840-908f-11ee-8080-808080808080,1701465640,true,false,16.022705078125
5310d840-908f-11ee-8080-808080808080,1701465640,true,true,15.945682525634766
5310d840-908f-11ee-8080-808080808080,1701465645,true,false,15.873953819274902
5310d840-908f-11ee-8080-808080808080,1701465645,true,false,15.812621116638184
5310d840-908f-11ee-8080-808080808080,1701465645,true,true,15.752601623535156
5310d840-908f-11ee-8080-808080808080,1701465645,true,false,15.719297409057617
5310d840-908f-11ee-8080-808080808080,1701465645,true,false,15.699356079101562
5310d840-908f-11ee-8080-808080808080,1701465650,true,false,15.689016342163086
5310d840-908f-11ee-8080-808080808080,1701465650,true,false,15.691706657409668
5310d840-908f-11ee-8080-808080808080,1701465650,true,false,15.725176811218262
5310d840-908f-11ee-8080-808080808080,1701465650,true,true,15.776564598083496
5310d840-908f-11ee-8080-808080808080,1701465650,true,false,15.837930679321289
5310d840-908f-11ee-8080-808080808080,1701465655,true,false,15.917197227478027
5310d840-908f-11ee-8080-808080808080,1701465655,true,false,16.01734733581543
5310d840-908f-11ee-8080-808080808080,1701465655,true,false,16.166149139404297
5310d840-908f-11ee-8080-808080808080,1701465655,true,false,16.28594970703125
5310d840-908f-11ee-8080-808080808080,1701465655,true,true,16.380027770996094
5310d840-908f-11ee-8080-808080808080,1701465660,true,false,16.468955993652344
5310d840-908f-11ee-8080-808080808080,1701465660,true,false,16.572998046875
5310d840-908f-11ee-8080-808080808080,1701465660,true,true,16.64783477783203
5310d840-908f-11ee-8080-808080808080,1701465660,true,false,16.71908187866211
5310d840-908f-11ee-8080-808080808080,1701465660,true,false,16.781490325927734
5310d840-908f-11ee-8080-808080808080,1701465665,true,false,16.835838317871094
5310d840-908f-11ee-8080-808080808080,1701465665,true,false,16.890426635742188
5310d840-908f-11ee-8080-808080808080,1701465665,true,false,16.922746658325195
5310d840-908f-11ee-8080-808080808080,1701465665,true,true,16.94417953491211
5310d840-908f-11ee-8080-808080808080,1701465665,true,false,16.95335578918457
5310d840-908f-11ee-8080-808080808080,1701465670,true,false,16.950613021850586
5310d840-908f-11ee-8080-808080808080,1701465670,true,false,16.9376163482666
5310d840-908f-11ee-8080-808080808080,1701465670,true,true,16.93685531616211
5310d840-908f-11ee-8080-808080808080,1701465670,true,false,16.93009376525879
5310d840-908f-11ee-8080-808080808080,1701465670,true,false,16.92884635925293
5310d840-908f-11ee-8080-808080808080,1701465675,true,false,16.930248260498047
5310d840-908f-11ee-8080-808080808080,1701465675,true,false,16.93355941772461
5310d840-908f-11ee-8080-808080808080,1701465675,true,false,16.938566207885742
5310d840-908f-11ee-8080-808080808080,1701465675,true,false,16.944284439086914
5310d840-908f-11ee-8080-808080808080,1701465675,true,true,16.952190399169922
5310d840-908f-11ee-8080-808080808080,1701465680,true,false,16.97369384765625
5310d840-908f-11ee-8080-808080808080,1701465680,true,false,16.998401641845703
5310d840-908f-11ee-8080-808080808080,1701465680,true,false,17.023740768432617
5310d840-908f-11ee-8080-808080808080,1701465680,true,true,17.039548873901367
5310d840-908f-11ee-8080-808080808080,1701465680,true,false,17.06011390686035
5310d840-908f-11ee-8080-808080808080,1701465685,true,false,17.08896827697754
5310d840-908f-11ee-8080-808080808080,1701465685,true,false,17.111522674560547
5310d840-908f-11ee-8080-808080808080,1701465685,true,false,17.13333511352539
5310d840-908f-11ee-8080-808080808080,1701465685,true,false,17.153278350830078
5310d840-908f-11ee-8080-808080808080,1701465685,true,false,17.172069549560547
5310d840-908f-11ee-8080-808080808080,1701465691,true,false,17.195070266723633
5310d840-908f-11ee-8080-808080808080,1701465691,true,false,17.213409423828125
5310d840-908f-11ee-8080-808080808080,1701465691,true,false,17.23099708557129
5310d840-908f-11ee-8080-808080808080,1701465691,true,false,17.247201919555664
5310d840-908f-11ee-8080-808080808080,1701465691,true,false,17.262468338012695
